Lua Diagnostics | Errors: 0 | Warnings: 1230 | EmmyLua Types: /workspace/.emmylua
Info: 0 | Hints: 168 | Total: 1398 | Time: 2026-07-09 22:51:02 | Dir: /workspace/scripts
---
WARN  | AffixConfig.lua:173:48 | Undefined field `[affix.rarity]`. [undefined-field]
WARN  | ThemeColors.lua:104:32 | Undefined field `[qualityId]`. [undefined-field]
WARN  | ThemeColors.lua:111:39 | Undefined field `[qualityId]`. [undefined-field]
WARN  | ThemeColors.lua:118:35 | Undefined field `[qualityId]`. [undefined-field]
WARN  | DebugMode.lua:60:26 | Cannot call expression of type `{ Init = fun(props), selectedRegion_ = nil, hoveredRegion_ = nil, ... }`. [call-non-callable]
WARN  | DebugOverlay.lua:65:27 | expected `integer` but found `number`. [param-type-mismatch]
WARN  | DebugOverlay.lua:100:23 | expected `integer` but found `number`. [param-type-mismatch]
WARN  | DebugOverlay.lua:27:25 | Undefined field `GetLayout`. [undefined-field]
WARN  | DebugOverlay.lua:114:25 | Undefined field `GetLayout`. [undefined-field]
WARN  | DebugOverlay.lua:136:25 | Undefined field `GetLayout`. [undefined-field]
WARN  | EditorBridge.lua:38:8 | Impossible `if` statement: this condition is always falsy [unnecessary-if]
WARN  | EditorBridge.lua:91:20 | Impossible `if` statement: this condition is always falsy [unnecessary-if]
WARN  | EditorBridge.lua:92:20 | Impossible `if` statement: this condition is always falsy [unnecessary-if]
WARN  | EditorBridge.lua:271:12 | Impossible `if` statement: this condition is always falsy [unnecessary-if]
WARN  | EditorBridge.lua:278:8 | Impossible `if` statement: this condition is always falsy [unnecessary-if]
WARN  | EditorBridge.lua:279:8 | Impossible `if` statement: this condition is always falsy [unnecessary-if]
WARN  | EditorBridge.lua:281:8 | Impossible `if` statement: this condition is always falsy [unnecessary-if]
WARN  | EditorBridge.lua:296:8 | Impossible `if` statement: this condition is always falsy [unnecessary-if]
WARN  | EditorBridge.lua:297:8 | Impossible `if` statement: this condition is always falsy [unnecessary-if]
WARN  | EditorBridge.lua:308:16 | Impossible `if` statement: this condition is always falsy [unnecessary-if]
WARN  | EditorBridge.lua:316:16 | Impossible `if` statement: this condition is always falsy [unnecessary-if]
WARN  | EditorBridge.lua:327:20 | Impossible `if` statement: this condition is always falsy [unnecessary-if]
WARN  | EditorBridge.lua:358:16 | Impossible `if` statement: this condition is always falsy [unnecessary-if]
WARN  | EditorBridge.lua:383:16 | Impossible `if` statement: this condition is always falsy [unnecessary-if]
WARN  | EditorBridge.lua:82:21 | Cannot call expression of type `never`. [call-non-callable]
WARN  | EditorBridge.lua:84:24 | Cannot call expression of type `never`. [call-non-callable]
WARN  | EditorBridge.lua:88:29 | Cannot call expression of type `never`. [call-non-callable]
WARN  | EditorBridge.lua:110:19 | Cannot call expression of type `never`. [call-non-callable]
WARN  | EditorBridge.lua:116:13 | Cannot call expression of type `never`. [call-non-callable]
WARN  | EditorBridge.lua:118:13 | Cannot call expression of type `never`. [call-non-callable]
WARN  | EditorBridge.lua:123:22 | Cannot call expression of type `never`. [call-non-callable]
WARN  | EditorBridge.lua:143:47 | Cannot call expression of type `never`. [call-non-callable]
WARN  | EditorBridge.lua:193:9 | Cannot call expression of type `never`. [call-non-callable]
WARN  | EditorBridge.lua:200:27 | Cannot call expression of type `never`. [call-non-callable]
WARN  | EditorBridge.lua:212:13 | Cannot call expression of type `never`. [call-non-callable]
WARN  | EditorBridge.lua:231:20 | Cannot call expression of type `never`. [call-non-callable]
WARN  | EditorBridge.lua:307:12 | Cannot call expression of type `never`. [call-non-callable]
WARN  | EditorBridge.lua:315:12 | Cannot call expression of type `never`. [call-non-callable]
WARN  | EditorBridge.lua:328:58 | Cannot call expression of type `never`. [call-non-callable]
WARN  | EditorBridge.lua:341:33 | Cannot call expression of type `never`. [call-non-callable]
WARN  | EditorBridge.lua:349:36 | Cannot call expression of type `never`. [call-non-callable]
WARN  | EditorBridge.lua:349:52 | Cannot call expression of type `never`. [call-non-callable]
WARN  | EditorBridge.lua:353:17 | Cannot call expression of type `never`. [call-non-callable]
WARN  | EditorBridge.lua:355:17 | Cannot call expression of type `never`. [call-non-callable]
WARN  | EditorBridge.lua:355:55 | Cannot call expression of type `never`. [call-non-callable]
WARN  | EditorBridge.lua:365:9 | Cannot call expression of type `never`. [call-non-callable]
WARN  | EditorBridge.lua:375:40 | Cannot call expression of type `never`. [call-non-callable]
WARN  | EditorBridge.lua:379:17 | Cannot call expression of type `never`. [call-non-callable]
WARN  | EditorBridge.lua:381:17 | Cannot call expression of type `never`. [call-non-callable]
WARN  | EditorBridge.lua:381:55 | Cannot call expression of type `never`. [call-non-callable]
WARN  | EditorBridge.lua:187:27 | expected `(table<unknown,unknown>|unknown[]|{ [unknown]: unknown })` but found `never`. [param-type-mismatch]
WARN  | EditorBridge.lua:265:31 | expected `(table<unknown,unknown>|unknown[]|{ [unknown]: unknown })` but found `never`. [param-type-mismatch]
WARN  | EditorBridge.lua:325:33 | expected `(unknown[]|table<integer,unknown>|{ [integer]: unknown })` but found `never`. [param-type-mismatch]
WARN  | EditorBridge.lua:340:39 | expected `(unknown[]|table<integer,unknown>|{ [integer]: unknown })` but found `never`. [param-type-mismatch]
WARN  | EditorBridge.lua:373:33 | expected `(unknown[]|table<integer,unknown>|{ [integer]: unknown })` but found `never`. [param-type-mismatch]
WARN  | EditorBridge.lua:82:21 | Toolbar_ may be nil [need-check-nil]
WARN  | EditorBridge.lua:84:24 | SaveLoad_ may be nil [need-check-nil]
WARN  | EditorBridge.lua:88:29 | SaveLoad_ may be nil [need-check-nil]
WARN  | EditorBridge.lua:110:19 | LayerPanel_ may be nil [need-check-nil]
WARN  | EditorBridge.lua:116:13 | ComponentPanel_ may be nil [need-check-nil]
WARN  | EditorBridge.lua:118:13 | layerPanel_ may be nil [need-check-nil]
WARN  | EditorBridge.lua:123:22 | PropertyPanel_ may be nil [need-check-nil]
WARN  | EditorBridge.lua:126:24 | function CanvasWidget_ may be nil [need-check-nil]
WARN  | EditorBridge.lua:143:47 | propertyPanel_ may be nil [need-check-nil]
WARN  | EditorBridge.lua:187:27 | editorState_ may be nil [need-check-nil]
WARN  | EditorBridge.lua:188:18 | editorState_ may be nil [need-check-nil]
WARN  | EditorBridge.lua:193:9 | editorState_ may be nil [need-check-nil]
WARN  | EditorBridge.lua:200:27 | editorState_ may be nil [need-check-nil]
WARN  | EditorBridge.lua:212:13 | editorState_ may be nil [need-check-nil]
WARN  | EditorBridge.lua:231:20 | EditorState_ may be nil [need-check-nil]
WARN  | EditorBridge.lua:239:22 | editorState_ may be nil [need-check-nil]
WARN  | EditorBridge.lua:239:41 | editorState_ may be nil [need-check-nil]
WARN  | EditorBridge.lua:265:31 | editorState_ may be nil [need-check-nil]
WARN  | EditorBridge.lua:266:22 | editorState_ may be nil [need-check-nil]
WARN  | EditorBridge.lua:272:13 | editorState_ may be nil [need-check-nil]
WARN  | EditorBridge.lua:307:12 | CommandManager_ may be nil [need-check-nil]
WARN  | EditorBridge.lua:315:12 | CommandManager_ may be nil [need-check-nil]
WARN  | EditorBridge.lua:323:13 | editorState_ may be nil [need-check-nil]
WARN  | EditorBridge.lua:324:13 | editorState_ may be nil [need-check-nil]
WARN  | EditorBridge.lua:325:33 | editorState_ may be nil [need-check-nil]
WARN  | EditorBridge.lua:326:30 | editorState_ may be nil [need-check-nil]
WARN  | EditorBridge.lua:328:34 | editorState_ may be nil [need-check-nil]
WARN  | EditorBridge.lua:328:58 | EditorNode_ may be nil [need-check-nil]
WARN  | EditorBridge.lua:337:13 | editorState_ may be nil [need-check-nil]
WARN  | EditorBridge.lua:340:39 | editorState_ may be nil [need-check-nil]
WARN  | EditorBridge.lua:341:33 | EditorNode_ may be nil [need-check-nil]
WARN  | EditorBridge.lua:343:55 | editorState_ may be nil [need-check-nil]
WARN  | EditorBridge.lua:349:36 | AddCommand_ may be nil [need-check-nil]
WARN  | EditorBridge.lua:349:52 | EditorNode_ may be nil [need-check-nil]
WARN  | EditorBridge.lua:353:17 | CommandManager_ may be nil [need-check-nil]
WARN  | EditorBridge.lua:355:17 | CommandManager_ may be nil [need-check-nil]
WARN  | EditorBridge.lua:355:55 | BatchCommand_ may be nil [need-check-nil]
WARN  | EditorBridge.lua:357:13 | editorState_ may be nil [need-check-nil]
WARN  | EditorBridge.lua:365:9 | SaveLoad_ may be nil [need-check-nil]
WARN  | EditorBridge.lua:371:13 | editorState_ may be nil [need-check-nil]
WARN  | EditorBridge.lua:373:33 | editorState_ may be nil [need-check-nil]
WARN  | EditorBridge.lua:374:26 | editorState_ may be nil [need-check-nil]
WARN  | EditorBridge.lua:375:40 | DeleteCommand_ may be nil [need-check-nil]
WARN  | EditorBridge.lua:379:17 | CommandManager_ may be nil [need-check-nil]
WARN  | EditorBridge.lua:381:17 | CommandManager_ may be nil [need-check-nil]
WARN  | EditorBridge.lua:381:55 | BatchCommand_ may be nil [need-check-nil]
WARN  | EditorBridge.lua:239:41 | Undefined field `[editorState_.root_id]`. [undefined-field]
WARN  | EditorBridge.lua:272:13 | Cannot assign `(unknown)` to `never`. [assign-type-mismatch]
WARN  | EditorBridge.lua:324:13 | Cannot assign `table` to `never`. [assign-type-mismatch]
WARN  | EditorBridge.lua:357:13 | Cannot assign `table` to `never`. [assign-type-mismatch]
WARN  | main.lua:197:8 | Unnecessary `if` statement: this condition is always truthy [unnecessary-if]
WARN  | main.lua:30:7 | Cannot assign `nil` to `NVGContextWrapper`. [assign-type-mismatch]
WARN  | main.lua:199:9 | Cannot assign `nil` to `NVGContextWrapper`. [assign-type-mismatch]
WARN  | main.lua:218:9 | Cannot assign `number` to `integer`. [assign-type-mismatch]
WARN  | GameState.lua:361:8 | Unnecessary `if` statement: this condition is always truthy [unnecessary-if]
WARN  | GameState.lua:163:9 | Cannot assign `number` to `integer`. [assign-type-mismatch]
WARN  | GameState.lua:188:19 | Cannot assign `number` to `integer`. [assign-type-mismatch]
WARN  | GameState.lua:337:23 | Cannot assign `number` to `integer`. [assign-type-mismatch]
WARN  | GameState.lua:376:5 | Cannot assign `number` to `integer`. [assign-type-mismatch]
WARN  | SaveManager.lua:61:8 | Impossible `if` statement: this condition is always falsy [unnecessary-if]
WARN  | AffixSystem.lua:59:12 | Impossible `if` statement: this condition is always falsy [unnecessary-if]
WARN  | AffixSystem.lua:90:12 | Impossible `if` statement: this condition is always falsy [unnecessary-if]
WARN  | AffixSystem.lua:153:12 | Impossible `if` statement: this condition is always falsy [unnecessary-if]
WARN  | AffixSystem.lua:171:16 | Impossible `if` statement: this condition is always falsy [unnecessary-if]
WARN  | AffixSystem.lua:198:12 | Impossible `if` statement: this condition is always falsy [unnecessary-if]
WARN  | AffixSystem.lua:213:12 | Impossible `if` statement: this condition is always falsy [unnecessary-if]
WARN  | AffixSystem.lua:228:12 | Impossible `if` statement: this condition is always falsy [unnecessary-if]
WARN  | AffixSystem.lua:253:12 | Impossible `if` statement: this condition is always falsy [unnecessary-if]
WARN  | AffixSystem.lua:268:12 | Impossible `if` statement: this condition is always falsy [unnecessary-if]
WARN  | AffixSystem.lua:85:31 | expected 0 parameters but found 2 [redundant-parameter]
WARN  | AffixSystem.lua:85:41 | expected 0 parameters but found 2 [redundant-parameter]
WARN  | AquariumSystem.lua:32:8 | Impossible `if` statement: this condition is always falsy [unnecessary-if]
WARN  | AquariumSystem.lua:41:16 | Impossible `if` statement: this condition is always falsy [unnecessary-if]
WARN  | AquariumSystem.lua:146:12 | Impossible `if` statement: this condition is always falsy [unnecessary-if]
WARN  | AquariumSystem.lua:74:20 | fishCfg may be nil [need-check-nil]
WARN  | AquariumSystem.lua:109:20 | fishCfg may be nil [need-check-nil]
WARN  | BossSystem.lua:331:12 | Impossible `if` statement: this condition is always falsy [unnecessary-if]
WARN  | BossSystem.lua:383:12 | Impossible `if` statement: this condition is always falsy [unnecessary-if]
WARN  | BossSystem.lua:391:20 | Impossible `if` statement: this condition is always falsy [unnecessary-if]
WARN  | BossSystem.lua:621:23 | expected `integer` but found `number`. [param-type-mismatch]
WARN  | BossSystem.lua:121:9 | Cannot assign `number` to `integer`. [assign-type-mismatch]
WARN  | BossSystem.lua:125:13 | Cannot assign `number` to `integer`. [assign-type-mismatch]
WARN  | BossSystem.lua:127:13 | Cannot assign `number` to `integer`. [assign-type-mismatch]
WARN  | BossSystem.lua:131:9 | Cannot assign `number` to `integer`. [assign-type-mismatch]
WARN  | BossSystem.lua:135:17 | Cannot assign `number` to `integer`. [assign-type-mismatch]
WARN  | BossSystem.lua:142:9 | Cannot assign `number` to `integer`. [assign-type-mismatch]
WARN  | BossSystem.lua:145:13 | Cannot assign `number` to `integer`. [assign-type-mismatch]
WARN  | BossSystem.lua:149:9 | Cannot assign `number` to `integer`. [assign-type-mismatch]
WARN  | BossSystem.lua:252:5 | Cannot assign `number` to `integer`. [assign-type-mismatch]
WARN  | BossSystem.lua:321:5 | Cannot assign `number` to `integer`. [assign-type-mismatch]
WARN  | BossSystem.lua:346:9 | Cannot assign `number` to `integer`. [assign-type-mismatch]
WARN  | BossSystem.lua:357:9 | Cannot assign `number` to `integer`. [assign-type-mismatch]
WARN  | BossSystem.lua:367:9 | Cannot assign `number` to `integer`. [assign-type-mismatch]
WARN  | BossSystem.lua:368:9 | Cannot assign `number` to `integer`. [assign-type-mismatch]
WARN  | BossSystem.lua:378:9 | Cannot assign `number` to `integer`. [assign-type-mismatch]
WARN  | BossSystem.lua:379:9 | Cannot assign `number` to `integer`. [assign-type-mismatch]
WARN  | BossSystem.lua:400:9 | Cannot assign `number` to `integer`. [assign-type-mismatch]
WARN  | BossSystem.lua:401:9 | Cannot assign `number` to `integer`. [assign-type-mismatch]
WARN  | BossSystem.lua:503:9 | Cannot assign `number` to `integer`. [assign-type-mismatch]
WARN  | BreedingSystem.lua:182:8 | Impossible `if` statement: this condition is always falsy [unnecessary-if]
WARN  | BreedingSystem.lua:83:24 | fishCfg may be nil [need-check-nil]
WARN  | BreedingSystem.lua:98:24 | fishCfg may be nil [need-check-nil]
WARN  | BreedingSystem.lua:245:24 | fishCfg may be nil [need-check-nil]
WARN  | BreedingSystem.lua:245:45 | qCfg may be nil [need-check-nil]
WARN  | CatchAnimSystem.lua:540:27 | expected `integer` but found `number`. [param-type-mismatch]
WARN  | CatchAnimSystem.lua:264:9 | ls may be nil [need-check-nil]
WARN  | CatchAnimSystem.lua:264:19 | ls may be nil [need-check-nil]
WARN  | CatchAnimSystem.lua:266:28 | ls may be nil [need-check-nil]
WARN  | CatchAnimSystem.lua:274:12 | ls may be nil [need-check-nil]
WARN  | CatchAnimSystem.lua:250:32 | Undefined field `[k]`. [undefined-field]
WARN  | CatchAnimSystem.lua:622:13 | Cannot assign `number` to `integer`. [assign-type-mismatch]
WARN  | CodexSystem.lua:31:20 | Impossible `if` statement: this condition is always falsy [unnecessary-if]
WARN  | CodexSystem.lua:114:8 | Impossible `if` statement: this condition is always falsy [unnecessary-if]
WARN  | CodexSystem.lua:130:8 | Impossible `if` statement: this condition is always falsy [unnecessary-if]
WARN  | CodexSystem.lua:68:51 | Undefined field `[rarityId]`. [undefined-field]
WARN  | ComboSystem.lua:220:17 | expected `NVGContextWrapper` but found `userdata`. [param-type-mismatch]
WARN  | ComboSystem.lua:221:22 | expected `NVGContextWrapper` but found `userdata`. [param-type-mismatch]
WARN  | ComboSystem.lua:222:18 | expected `NVGContextWrapper` but found `userdata`. [param-type-mismatch]
WARN  | ComboSystem.lua:223:24 | expected `NVGContextWrapper` but found `userdata`. [param-type-mismatch]
WARN  | ComboSystem.lua:226:21 | expected `NVGContextWrapper` but found `userdata`. [param-type-mismatch]
WARN  | ComboSystem.lua:227:21 | expected `NVGContextWrapper` but found `userdata`. [param-type-mismatch]
WARN  | ComboSystem.lua:228:22 | expected `NVGContextWrapper` but found `userdata`. [param-type-mismatch]
WARN  | ComboSystem.lua:228:27 | expected `integer` but found `number`. [param-type-mismatch]
WARN  | ComboSystem.lua:231:21 | expected `NVGContextWrapper` but found `userdata`. [param-type-mismatch]
WARN  | ComboSystem.lua:232:22 | expected `NVGContextWrapper` but found `userdata`. [param-type-mismatch]
WARN  | ComboSystem.lua:236:21 | expected `NVGContextWrapper` but found `userdata`. [param-type-mismatch]
WARN  | ComboSystem.lua:237:22 | expected `NVGContextWrapper` but found `userdata`. [param-type-mismatch]
WARN  | ComboSystem.lua:241:21 | expected `NVGContextWrapper` but found `userdata`. [param-type-mismatch]
WARN  | ComboSystem.lua:242:21 | expected `NVGContextWrapper` but found `userdata`. [param-type-mismatch]
WARN  | ComboSystem.lua:243:22 | expected `NVGContextWrapper` but found `userdata`. [param-type-mismatch]
WARN  | ComboSystem.lua:245:21 | expected `NVGContextWrapper` but found `userdata`. [param-type-mismatch]
WARN  | ComboSystem.lua:246:22 | expected `NVGContextWrapper` but found `userdata`. [param-type-mismatch]
WARN  | ComboSystem.lua:249:20 | expected `NVGContextWrapper` but found `userdata`. [param-type-mismatch]
WARN  | ComboSystem.lua:164:17 | Undefined field `[i]`. [undefined-field]
WARN  | ComboSystem.lua:164:35 | Undefined field `[i]`. [undefined-field]
WARN  | ComboSystem.lua:76:5 | Cannot assign `number` to `integer`. [assign-type-mismatch]
WARN  | ComboSystem.lua:131:9 | Cannot assign `number` to `integer`. [assign-type-mismatch]
WARN  | ComboSystem.lua:145:9 | Cannot assign `number` to `integer`. [assign-type-mismatch]
WARN  | ComboSystem.lua:149:9 | Cannot assign `number` to `integer`. [assign-type-mismatch]
WARN  | ComboSystem.lua:150:9 | Cannot assign `number` to `integer`. [assign-type-mismatch]
WARN  | CrewSystem.lua:48:9 | crewCfg may be nil [need-check-nil]
WARN  | CrewSystem.lua:58:47 | crewCfg may be nil [need-check-nil]
WARN  | CrewSystem.lua:68:16 | crewCfg may be nil [need-check-nil]
WARN  | CrewSystem.lua:69:33 | crewCfg may be nil [need-check-nil]
WARN  | CrewSystem.lua:69:53 | crewCfg may be nil [need-check-nil]
WARN  | CrewSystem.lua:88:19 | crewCfg may be nil [need-check-nil]
WARN  | CrewSystem.lua:88:39 | crewCfg may be nil [need-check-nil]
WARN  | CrewSystem.lua:69:17 | Cannot assign `number` to `integer`. [assign-type-mismatch]
WARN  | DropSystem.lua:74:45 | expected `number` but found `never`. [param-type-mismatch]
WARN  | DropSystem.lua:83:51 | expected `number` but found `never`. [param-type-mismatch]
WARN  | DropSystem.lua:123:38 | expected `number[]` but found `never`. [param-type-mismatch]
WARN  | DropSystem.lua:54:25 | chosenFish may be nil [need-check-nil]
WARN  | DropSystem.lua:67:27 | qWeights[i] value may be nil [need-check-nil]
WARN  | DropSystem.lua:74:45 | chosenFish may be nil [need-check-nil]
WARN  | DropSystem.lua:83:51 | chosenFish may be nil [need-check-nil]
WARN  | DropSystem.lua:92:23 | chosenFish may be nil [need-check-nil]
WARN  | DropSystem.lua:93:23 | chosenFish may be nil [need-check-nil]
WARN  | DropSystem.lua:94:23 | chosenFish may be nil [need-check-nil]
WARN  | DropSystem.lua:95:23 | chosenFish may be nil [need-check-nil]
WARN  | DropSystem.lua:96:23 | chosenFish may be nil [need-check-nil]
WARN  | DropSystem.lua:97:23 | chosenFish may be nil [need-check-nil]
WARN  | DropSystem.lua:122:22 | chosenFish may be nil [need-check-nil]
WARN  | DropSystem.lua:134:23 | chosenFish may be nil [need-check-nil]
WARN  | DropSystem.lua:135:23 | chosenFish may be nil [need-check-nil]
WARN  | DropSystem.lua:136:23 | chosenFish may be nil [need-check-nil]
WARN  | DropSystem.lua:137:23 | chosenFish may be nil [need-check-nil]
WARN  | DropSystem.lua:138:23 | chosenFish may be nil [need-check-nil]
WARN  | DropSystem.lua:139:23 | chosenFish may be nil [need-check-nil]
WARN  | DropSystem.lua:164:25 | chosenFish may be nil [need-check-nil]
WARN  | DropSystem.lua:180:23 | chosenFish may be nil [need-check-nil]
WARN  | DropSystem.lua:181:23 | chosenFish may be nil [need-check-nil]
WARN  | DropSystem.lua:182:23 | chosenFish may be nil [need-check-nil]
WARN  | DropSystem.lua:183:23 | chosenFish may be nil [need-check-nil]
WARN  | DropSystem.lua:184:23 | chosenFish may be nil [need-check-nil]
WARN  | DropSystem.lua:185:23 | chosenFish may be nil [need-check-nil]
WARN  | DropSystem.lua:50:33 | Undefined field `[chosenIdx]`. [undefined-field]
WARN  | DropSystem.lua:119:33 | Undefined field `[math.random(1, #zoneFish)]`. [undefined-field]
WARN  | DropSystem.lua:161:33 | Undefined field `[math.random(1, #zoneFish)]`. [undefined-field]
WARN  | DropSystem.lua:21:36 | Cannot assign `number` to `integer`. [assign-type-mismatch]
WARN  | DropSystem.lua:26:9 | Cannot assign `number` to `integer`. [assign-type-mismatch]
WARN  | DropSystem.lua:62:15 | Cannot assign `number` to `integer`. [assign-type-mismatch]
WARN  | EconomySystem.lua:153:12 | Impossible `if` statement: this condition is always falsy [unnecessary-if]
WARN  | EconomySystem.lua:111:20 | additiveBuff value may be nil [need-check-nil]
WARN  | EconomySystem.lua:163:20 | additiveBuff value may be nil [need-check-nil]
WARN  | EconomySystem.lua:55:59 | Undefined field `[qualityId]`. [undefined-field]
WARN  | EconomySystem.lua:135:59 | Undefined field `[qualityId]`. [undefined-field]
WARN  | EconomySystem.lua:235:67 | Undefined field `[qualityId]`. [undefined-field]
WARN  | EconomySystem.lua:111:5 | Cannot assign `number` to `integer`. [assign-type-mismatch]
WARN  | EconomySystem.lua:112:5 | Cannot assign `number` to `integer`. [assign-type-mismatch]
WARN  | EconomySystem.lua:154:13 | Cannot assign `number` to `integer`. [assign-type-mismatch]
WARN  | EconomySystem.lua:163:5 | Cannot assign `number` to `integer`. [assign-type-mismatch]
WARN  | EconomySystem.lua:164:5 | Cannot assign `number` to `integer`. [assign-type-mismatch]
WARN  | FishSwarmSystem.lua:205:20 | dirInfo may be nil [need-check-nil]
WARN  | FishSwarmSystem.lua:205:32 | dirInfo may be nil [need-check-nil]
WARN  | IndustrySystem.lua:179:8 | Impossible `if` statement: this condition is always falsy [unnecessary-if]
WARN  | IndustrySystem.lua:211:8 | Impossible `if` statement: this condition is always falsy [unnecessary-if]
WARN  | IndustrySystem.lua:215:8 | Unnecessary `if` statement: this condition is always truthy [unnecessary-if]
WARN  | IndustrySystem.lua:339:20 | Impossible `if` statement: this condition is always falsy [unnecessary-if]
WARN  | IndustrySystem.lua:94:12 | tc may be nil [need-check-nil]
WARN  | IndustrySystem.lua:94:41 | tc may be nil [need-check-nil]
WARN  | IndustrySystem.lua:303:24 | recipe may be nil [need-check-nil]
WARN  | IndustrySystem.lua:303:37 | recipe may be nil [need-check-nil]
WARN  | IndustrySystem.lua:403:22 | chosen may be nil [need-check-nil]
WARN  | IndustrySystem.lua:411:56 | chosen may be nil [need-check-nil]
WARN  | IndustrySystem.lua:242:25 | Undefined field `onSynthesisComplete`. [undefined-field]
WARN  | IndustrySystem.lua:243:26 | Undefined field `onSynthesisComplete`. [undefined-field]
WARN  | IndustrySystem.lua:105:5 | Cannot assign `number` to `integer`. [assign-type-mismatch]
WARN  | IndustrySystem.lua:267:5 | Cannot assign `number` to `integer`. [assign-type-mismatch]
WARN  | IndustrySystem.lua:270:9 | Cannot assign `number` to `integer`. [assign-type-mismatch]
WARN  | RareFishSystem.lua:240:17 | expected `NVGContextWrapper` but found `userdata`. [param-type-mismatch]
WARN  | RareFishSystem.lua:241:21 | expected `NVGContextWrapper` but found `userdata`. [param-type-mismatch]
WARN  | RareFishSystem.lua:242:21 | expected `NVGContextWrapper` but found `userdata`. [param-type-mismatch]
WARN  | RareFishSystem.lua:243:22 | expected `NVGContextWrapper` but found `userdata`. [param-type-mismatch]
WARN  | RareFishSystem.lua:243:27 | expected `integer` but found `number`. [param-type-mismatch]
WARN  | RareFishSystem.lua:246:21 | expected `NVGContextWrapper` but found `userdata`. [param-type-mismatch]
WARN  | RareFishSystem.lua:247:22 | expected `NVGContextWrapper` but found `userdata`. [param-type-mismatch]
WARN  | RareFishSystem.lua:250:21 | expected `NVGContextWrapper` but found `userdata`. [param-type-mismatch]
WARN  | RareFishSystem.lua:251:22 | expected `NVGContextWrapper` but found `userdata`. [param-type-mismatch]
WARN  | RareFishSystem.lua:253:20 | expected `NVGContextWrapper` but found `userdata`. [param-type-mismatch]
WARN  | RareFishSystem.lua:274:41 | expected `NVGContextWrapper` but found `userdata`. [param-type-mismatch]
WARN  | RareFishSystem.lua:278:18 | expected `NVGContextWrapper` but found `userdata`. [param-type-mismatch]
WARN  | RareFishSystem.lua:279:15 | expected `NVGContextWrapper` but found `userdata`. [param-type-mismatch]
WARN  | RareFishSystem.lua:280:18 | expected `NVGContextWrapper` but found `userdata`. [param-type-mismatch]
WARN  | RareFishSystem.lua:281:13 | expected `NVGContextWrapper` but found `userdata`. [param-type-mismatch]
WARN  | RareFishSystem.lua:284:13 | expected `NVGContextWrapper` but found `userdata`. [param-type-mismatch]
WARN  | RareFishSystem.lua:285:18 | expected `NVGContextWrapper` but found `userdata`. [param-type-mismatch]
WARN  | RareFishSystem.lua:289:14 | expected `NVGContextWrapper` but found `userdata`. [param-type-mismatch]
WARN  | RareFishSystem.lua:292:18 | expected `NVGContextWrapper` but found `userdata`. [param-type-mismatch]
WARN  | RareFishSystem.lua:293:16 | expected `NVGContextWrapper` but found `userdata`. [param-type-mismatch]
WARN  | RareFishSystem.lua:294:18 | expected `NVGContextWrapper` but found `userdata`. [param-type-mismatch]
WARN  | RareFishSystem.lua:295:13 | expected `NVGContextWrapper` but found `userdata`. [param-type-mismatch]
WARN  | RareFishSystem.lua:298:18 | expected `NVGContextWrapper` but found `userdata`. [param-type-mismatch]
WARN  | RareFishSystem.lua:299:15 | expected `NVGContextWrapper` but found `userdata`. [param-type-mismatch]
WARN  | RareFishSystem.lua:300:15 | expected `NVGContextWrapper` but found `userdata`. [param-type-mismatch]
WARN  | RareFishSystem.lua:301:15 | expected `NVGContextWrapper` but found `userdata`. [param-type-mismatch]
WARN  | RareFishSystem.lua:302:18 | expected `NVGContextWrapper` but found `userdata`. [param-type-mismatch]
WARN  | RareFishSystem.lua:303:18 | expected `NVGContextWrapper` but found `userdata`. [param-type-mismatch]
WARN  | RareFishSystem.lua:304:13 | expected `NVGContextWrapper` but found `userdata`. [param-type-mismatch]
WARN  | RareFishSystem.lua:307:18 | expected `NVGContextWrapper` but found `userdata`. [param-type-mismatch]
WARN  | RareFishSystem.lua:308:15 | expected `NVGContextWrapper` but found `userdata`. [param-type-mismatch]
WARN  | RareFishSystem.lua:309:18 | expected `NVGContextWrapper` but found `userdata`. [param-type-mismatch]
WARN  | RareFishSystem.lua:310:13 | expected `NVGContextWrapper` but found `userdata`. [param-type-mismatch]
WARN  | RareFishSystem.lua:315:18 | expected `NVGContextWrapper` but found `userdata`. [param-type-mismatch]
WARN  | RareFishSystem.lua:316:15 | expected `NVGContextWrapper` but found `userdata`. [param-type-mismatch]
WARN  | RareFishSystem.lua:317:18 | expected `NVGContextWrapper` but found `userdata`. [param-type-mismatch]
WARN  | RareFishSystem.lua:318:13 | expected `NVGContextWrapper` but found `userdata`. [param-type-mismatch]
WARN  | RareFishSystem.lua:320:16 | expected `NVGContextWrapper` but found `userdata`. [param-type-mismatch]
WARN  | RareFishSystem.lua:330:18 | expected `NVGContextWrapper` but found `userdata`. [param-type-mismatch]
WARN  | RareFishSystem.lua:331:20 | expected `NVGContextWrapper` but found `userdata`. [param-type-mismatch]
WARN  | RareFishSystem.lua:332:18 | expected `NVGContextWrapper` but found `userdata`. [param-type-mismatch]
WARN  | RareFishSystem.lua:333:13 | expected `NVGContextWrapper` but found `userdata`. [param-type-mismatch]
WARN  | RareFishSystem.lua:344:18 | expected `NVGContextWrapper` but found `userdata`. [param-type-mismatch]
WARN  | RareFishSystem.lua:345:20 | expected `NVGContextWrapper` but found `userdata`. [param-type-mismatch]
WARN  | RareFishSystem.lua:346:18 | expected `NVGContextWrapper` but found `userdata`. [param-type-mismatch]
WARN  | RareFishSystem.lua:347:13 | expected `NVGContextWrapper` but found `userdata`. [param-type-mismatch]
WARN  | RareFishSystem.lua:207:47 | Undefined field `hit`. [undefined-field]
WARN  | RareFishSystem.lua:54:5 | Cannot assign `number` to `integer`. [assign-type-mismatch]
WARN  | RareFishSystem.lua:97:5 | Cannot assign `number` to `integer`. [assign-type-mismatch]
WARN  | RareFishSystem.lua:105:5 | Cannot assign `number` to `integer`. [assign-type-mismatch]
WARN  | RareFishSystem.lua:106:5 | Cannot assign `number` to `integer`. [assign-type-mismatch]
WARN  | RareFishSystem.lua:110:9 | Cannot assign `number` to `integer`. [assign-type-mismatch]
WARN  | RareFishSystem.lua:114:13 | Cannot assign `number` to `integer`. [assign-type-mismatch]
WARN  | RewardSystem.lua:69:12 | Unnecessary `if` statement: this condition is always truthy [unnecessary-if]
WARN  | RewardSystem.lua:27:7 | Cannot assign `nil` to `fun(fishName: string) -> table?`. [assign-type-mismatch]
WARN  | RewardSystem.lua:29:7 | Cannot assign `nil` to `fun() -> { x: number, y: number }?`. [assign-type-mismatch]
WARN  | SwipeSystem.lua:104:20 | Impossible `if` statement: this condition is always falsy [unnecessary-if]
WARN  | SwipeSystem.lua:117:12 | Impossible `if` statement: this condition is always falsy [unnecessary-if]
WARN  | SwipeSystem.lua:209:12 | Impossible `if` statement: this condition is always falsy [unnecessary-if]
WARN  | SwipeSystem.lua:234:22 | expected `NVGContextWrapper` but found `userdata`. [param-type-mismatch]
WARN  | SwipeSystem.lua:235:19 | expected `NVGContextWrapper` but found `userdata`. [param-type-mismatch]
WARN  | SwipeSystem.lua:237:23 | expected `NVGContextWrapper` but found `userdata`. [param-type-mismatch]
WARN  | SwipeSystem.lua:249:13 | expected `NVGContextWrapper` but found `userdata`. [param-type-mismatch]
WARN  | SwipeSystem.lua:250:16 | expected `NVGContextWrapper` but found `userdata`. [param-type-mismatch]
WARN  | SwipeSystem.lua:251:17 | expected `NVGContextWrapper` but found `userdata`. [param-type-mismatch]
WARN  | SwipeSystem.lua:265:24 | expected `NVGContextWrapper` but found `userdata`. [param-type-mismatch]
WARN  | SwipeSystem.lua:266:24 | expected `NVGContextWrapper` but found `userdata`. [param-type-mismatch]
WARN  | SwipeSystem.lua:267:19 | expected `NVGContextWrapper` but found `userdata`. [param-type-mismatch]
WARN  | SwipeSystem.lua:272:20 | expected `NVGContextWrapper` but found `userdata`. [param-type-mismatch]
WARN  | SwipeSystem.lua:273:20 | expected `NVGContextWrapper` but found `userdata`. [param-type-mismatch]
WARN  | SwipeSystem.lua:274:15 | expected `NVGContextWrapper` but found `userdata`. [param-type-mismatch]
WARN  | SwipeSystem.lua:276:16 | expected `NVGContextWrapper` but found `userdata`. [param-type-mismatch]
WARN  | SwipeSystem.lua:166:5 | Cannot assign `number` to `integer`. [assign-type-mismatch]
WARN  | SwipeSystem.lua:167:5 | Cannot assign `number` to `integer`. [assign-type-mismatch]
WARN  | AquariumScene.lua:87:8 | Impossible `if` statement: this condition is always falsy [unnecessary-if]
WARN  | AquariumScene.lua:118:8 | Impossible `if` statement: this condition is always falsy [unnecessary-if]
WARN  | AquariumScene.lua:195:8 | Impossible `if` statement: this condition is always falsy [unnecessary-if]
WARN  | AquariumScene.lua:204:12 | Impossible `if` statement: this condition is always falsy [unnecessary-if]
WARN  | AquariumScene.lua:301:8 | Impossible `if` statement: this condition is always falsy [unnecessary-if]
WARN  | AquariumScene.lua:468:12 | Impossible `if` statement: this condition is always falsy [unnecessary-if]
WARN  | AquariumScene.lua:532:12 | Impossible `if` statement: this condition is always falsy [unnecessary-if]
WARN  | AquariumScene.lua:569:20 | Impossible `if` statement: this condition is always falsy [unnecessary-if]
WARN  | AquariumScene.lua:730:16 | Impossible `if` statement: this condition is always falsy [unnecessary-if]
WARN  | AquariumScene.lua:752:8 | Impossible `if` statement: this condition is always falsy [unnecessary-if]
WARN  | AquariumScene.lua:772:12 | Impossible `if` statement: this condition is always falsy [unnecessary-if]
WARN  | AquariumScene.lua:316:27 | expected `integer` but found `number`. [param-type-mismatch]
WARN  | AquariumScene.lua:335:27 | expected `integer` but found `number`. [param-type-mismatch]
WARN  | AquariumScene.lua:406:36 | expected `number` but found `never`. [param-type-mismatch]
WARN  | AquariumScene.lua:449:23 | expected `integer` but found `number`. [param-type-mismatch]
WARN  | AquariumScene.lua:456:23 | expected `integer` but found `number`. [param-type-mismatch]
WARN  | AquariumScene.lua:475:23 | expected `integer` but found `number`. [param-type-mismatch]
WARN  | AquariumScene.lua:589:35 | expected `integer` but found `number`. [param-type-mismatch]
WARN  | AquariumScene.lua:597:35 | expected `integer` but found `number`. [param-type-mismatch]
WARN  | AquariumScene.lua:608:27 | expected `integer` but found `number`. [param-type-mismatch]
WARN  | AquariumScene.lua:629:23 | expected `integer` but found `number`. [param-type-mismatch]
WARN  | AquariumScene.lua:636:23 | expected `integer` but found `number`. [param-type-mismatch]
WARN  | AquariumScene.lua:657:27 | expected `integer` but found `number`. [param-type-mismatch]
WARN  | AquariumScene.lua:669:27 | expected `integer` but found `number`. [param-type-mismatch]
WARN  | AquariumScene.lua:698:23 | expected `integer` but found `number`. [param-type-mismatch]
WARN  | AquariumScene.lua:760:23 | expected `integer` but found `number`. [param-type-mismatch]
WARN  | AquariumScene.lua:805:27 | expected `integer` but found `number`. [param-type-mismatch]
WARN  | AquariumScene.lua:821:27 | expected `integer` but found `number`. [param-type-mismatch]
WARN  | AquariumScene.lua:838:23 | expected `integer` but found `number`. [param-type-mismatch]
WARN  | AquariumScene.lua:869:23 | expected `integer` but found `number`. [param-type-mismatch]
WARN  | AquariumScene.lua:948:23 | expected `integer` but found `number`. [param-type-mismatch]
WARN  | AquariumScene.lua:972:23 | expected `integer` but found `number`. [param-type-mismatch]
WARN  | AquariumScene.lua:1026:27 | expected `integer` but found `number`. [param-type-mismatch]
WARN  | AquariumScene.lua:1043:27 | expected `integer` but found `number`. [param-type-mismatch]
WARN  | AquariumScene.lua:1052:35 | expected `integer` but found `number`. [param-type-mismatch]
WARN  | AquariumScene.lua:1054:35 | expected `integer` but found `number`. [param-type-mismatch]
WARN  | AquariumScene.lua:1142:23 | expected `integer` but found `number`. [param-type-mismatch]
WARN  | AquariumScene.lua:1160:23 | expected `integer` but found `number`. [param-type-mismatch]
WARN  | AquariumScene.lua:1171:23 | expected `integer` but found `number`. [param-type-mismatch]
WARN  | AquariumScene.lua:213:31 | qCfg may be nil [need-check-nil]
WARN  | AquariumScene.lua:214:32 | qCfg may be nil [need-check-nil]
WARN  | AquariumScene.lua:237:35 | qCfg may be nil [need-check-nil]
WARN  | AquariumScene.lua:238:36 | qCfg may be nil [need-check-nil]
WARN  | AquariumScene.lua:400:12 | b may be nil [need-check-nil]
WARN  | AquariumScene.lua:400:25 | b may be nil [need-check-nil]
WARN  | AquariumScene.lua:401:28 | b may be nil [need-check-nil]
WARN  | AquariumScene.lua:401:61 | b may be nil [need-check-nil]
WARN  | AquariumScene.lua:402:28 | b may be nil [need-check-nil]
WARN  | AquariumScene.lua:403:38 | b may be nil [need-check-nil]
WARN  | AquariumScene.lua:406:36 | b may be nil [need-check-nil]
WARN  | AquariumScene.lua:413:33 | b may be nil [need-check-nil]
WARN  | AquariumScene.lua:413:53 | b may be nil [need-check-nil]
WARN  | AquariumScene.lua:413:68 | b may be nil [need-check-nil]
WARN  | AquariumScene.lua:820:39 | Undefined field `[highest]`. [undefined-field]
WARN  | AquariumScene.lua:1047:43 | Undefined field `[highest]`. [undefined-field]
WARN  | AquariumScene.lua:57:9 | Cannot assign `number` to `integer`. [assign-type-mismatch]
WARN  | AquariumScene.lua:81:9 | Cannot assign `number` to `integer`. [assign-type-mismatch]
WARN  | AquariumScene.lua:84:9 | Cannot assign `number` to `integer`. [assign-type-mismatch]
WARN  | AquariumScene.lua:88:9 | Cannot assign `number` to `integer`. [assign-type-mismatch]
WARN  | AquariumScene.lua:90:9 | Cannot assign `number` to `integer`. [assign-type-mismatch]
WARN  | AquariumScene.lua:255:5 | Cannot assign `number` to `integer`. [assign-type-mismatch]
WARN  | AquariumScene.lua:287:9 | Cannot assign `number` to `integer`. [assign-type-mismatch]
WARN  | AquariumScene.lua:783:15 | Cannot assign `number` to `integer`. [assign-type-mismatch]
WARN  | AquariumScene.lua:906:11 | Cannot assign `number` to `integer`. [assign-type-mismatch]
WARN  | AquariumScene.lua:907:11 | Cannot assign `number` to `integer`. [assign-type-mismatch]
WARN  | AquariumScreen.lua:198:16 | Impossible `if` statement: this condition is always falsy [unnecessary-if]
WARN  | AquariumScreen.lua:307:16 | Impossible `if` statement: this condition is always falsy [unnecessary-if]
WARN  | AquariumScreen.lua:336:36 | Impossible `if` statement: this condition is always falsy [unnecessary-if]
WARN  | AquariumScreen.lua:202:17 | expected `string` but found `never`. [param-type-mismatch]
WARN  | AquariumScreen.lua:309:39 | expected `number` but found `number?`. [param-type-mismatch]
WARN  | AquariumScreen.lua:202:17 | fishCfg may be nil [need-check-nil]
WARN  | AquariumScreen.lua:218:29 | fishCfg may be nil [need-check-nil]
WARN  | AquariumScreen.lua:218:43 | fishCfg may be nil [need-check-nil]
WARN  | AquariumScreen.lua:306:51 | Undefined field `[qualityId]`. [undefined-field]
WARN  | BreedingScene.lua:98:8 | Impossible `if` statement: this condition is always falsy [unnecessary-if]
WARN  | BreedingScene.lua:103:8 | Impossible `if` statement: this condition is always falsy [unnecessary-if]
WARN  | BreedingScene.lua:152:16 | Impossible `if` statement: this condition is always falsy [unnecessary-if]
WARN  | BreedingScene.lua:185:12 | Impossible `if` statement: this condition is always falsy [unnecessary-if]
WARN  | BreedingScene.lua:225:8 | Impossible `if` statement: this condition is always falsy [unnecessary-if]
WARN  | BreedingScene.lua:232:8 | Impossible `if` statement: this condition is always falsy [unnecessary-if]
WARN  | BreedingScene.lua:332:8 | Impossible `if` statement: this condition is always falsy [unnecessary-if]
WARN  | BreedingScene.lua:346:12 | Impossible `if` statement: this condition is always falsy [unnecessary-if]
WARN  | BreedingScene.lua:457:8 | Impossible `if` statement: this condition is always falsy [unnecessary-if]
WARN  | BreedingScene.lua:462:8 | Impossible `if` statement: this condition is always falsy [unnecessary-if]
WARN  | BreedingScene.lua:669:16 | Impossible `if` statement: this condition is always falsy [unnecessary-if]
WARN  | BreedingScene.lua:721:8 | Impossible `if` statement: this condition is always falsy [unnecessary-if]
WARN  | BreedingScene.lua:1060:8 | Impossible `if` statement: this condition is always falsy [unnecessary-if]
WARN  | BreedingScene.lua:1132:8 | Impossible `if` statement: this condition is always falsy [unnecessary-if]
WARN  | BreedingScene.lua:1217:12 | Impossible `if` statement: this condition is always falsy [unnecessary-if]
WARN  | BreedingScene.lua:475:27 | expected `integer` but found `number`. [param-type-mismatch]
WARN  | BreedingScene.lua:579:27 | expected `integer` but found `number`. [param-type-mismatch]
WARN  | BreedingScene.lua:607:27 | expected `integer` but found `number`. [param-type-mismatch]
WARN  | BreedingScene.lua:630:23 | expected `integer` but found `number`. [param-type-mismatch]
WARN  | BreedingScene.lua:738:27 | expected `integer` but found `number`. [param-type-mismatch]
WARN  | BreedingScene.lua:762:27 | expected `integer` but found `number`. [param-type-mismatch]
WARN  | BreedingScene.lua:781:27 | expected `integer` but found `number`. [param-type-mismatch]
WARN  | BreedingScene.lua:813:27 | expected `integer` but found `number`. [param-type-mismatch]
WARN  | BreedingScene.lua:847:27 | expected `integer` but found `number`. [param-type-mismatch]
WARN  | BreedingScene.lua:856:27 | expected `integer` but found `number`. [param-type-mismatch]
WARN  | BreedingScene.lua:867:27 | expected `integer` but found `number`. [param-type-mismatch]
WARN  | BreedingScene.lua:892:23 | expected `integer` but found `number`. [param-type-mismatch]
WARN  | BreedingScene.lua:920:23 | expected `integer` but found `number`. [param-type-mismatch]
WARN  | BreedingScene.lua:1016:27 | expected `integer` but found `number`. [param-type-mismatch]
WARN  | BreedingScene.lua:1025:23 | expected `integer` but found `number`. [param-type-mismatch]
WARN  | BreedingScene.lua:1139:23 | expected `integer` but found `number`. [param-type-mismatch]
WARN  | BreedingScene.lua:1232:31 | expected `integer` but found `number`. [param-type-mismatch]
WARN  | BreedingScene.lua:1241:27 | expected `integer` but found `number`. [param-type-mismatch]
WARN  | BreedingScene.lua:1329:23 | expected `integer` but found `number`. [param-type-mismatch]
WARN  | BreedingScene.lua:1341:23 | expected `integer` but found `number`. [param-type-mismatch]
WARN  | BreedingScene.lua:1353:23 | expected `integer` but found `number`. [param-type-mismatch]
WARN  | BreedingScene.lua:285:58 | fishCfg may be nil [need-check-nil]
WARN  | BreedingScene.lua:285:89 | qCfg may be nil [need-check-nil]
WARN  | BreedingScene.lua:355:31 | qCfg may be nil [need-check-nil]
WARN  | BreedingScene.lua:356:32 | qCfg may be nil [need-check-nil]
WARN  | BreedingScene.lua:380:39 | qCfg may be nil [need-check-nil]
WARN  | BreedingScene.lua:381:40 | qCfg may be nil [need-check-nil]
WARN  | BreedingScene.lua:704:16 | borderCfg may be nil [need-check-nil]
WARN  | BreedingScene.lua:784:35 | qCfg1 may be nil [need-check-nil]
WARN  | BreedingScene.lua:784:51 | qCfg1 may be nil [need-check-nil]
WARN  | BreedingScene.lua:784:67 | qCfg1 may be nil [need-check-nil]
WARN  | BreedingScene.lua:785:49 | qCfg1 may be nil [need-check-nil]
WARN  | BreedingScene.lua:788:35 | qCfg2 may be nil [need-check-nil]
WARN  | BreedingScene.lua:788:51 | qCfg2 may be nil [need-check-nil]
WARN  | BreedingScene.lua:788:67 | qCfg2 may be nil [need-check-nil]
WARN  | BreedingScene.lua:789:49 | qCfg2 may be nil [need-check-nil]
WARN  | BreedingScene.lua:1065:35 | rc may be nil [need-check-nil]
WARN  | BreedingScene.lua:1065:48 | rc may be nil [need-check-nil]
WARN  | BreedingScene.lua:1065:61 | rc may be nil [need-check-nil]
WARN  | BreedingScene.lua:416:36 | Undefined field `qualityId`. [undefined-field]
WARN  | BreedingScene.lua:417:34 | Undefined field `affixes`. [undefined-field]
WARN  | BreedingScene.lua:709:34 | Undefined field `[1]`. [undefined-field]
WARN  | BreedingScene.lua:709:41 | Undefined field `[2]`. [undefined-field]
WARN  | BreedingScene.lua:709:48 | Undefined field `[3]`. [undefined-field]
WARN  | BreedingScene.lua:711:36 | Undefined field `[1]`. [undefined-field]
WARN  | BreedingScene.lua:711:43 | Undefined field `[2]`. [undefined-field]
WARN  | BreedingScene.lua:711:50 | Undefined field `[3]`. [undefined-field]
WARN  | BreedingScene.lua:784:47 | Undefined field `[1]`. [undefined-field]
WARN  | BreedingScene.lua:784:63 | Undefined field `[2]`. [undefined-field]
WARN  | BreedingScene.lua:784:79 | Undefined field `[3]`. [undefined-field]
WARN  | BreedingScene.lua:788:47 | Undefined field `[1]`. [undefined-field]
WARN  | BreedingScene.lua:788:63 | Undefined field `[2]`. [undefined-field]
WARN  | BreedingScene.lua:788:79 | Undefined field `[3]`. [undefined-field]
WARN  | BreedingScene.lua:1065:44 | Undefined field `[1]`. [undefined-field]
WARN  | BreedingScene.lua:1065:57 | Undefined field `[2]`. [undefined-field]
WARN  | BreedingScene.lua:1065:70 | Undefined field `[3]`. [undefined-field]
WARN  | BreedingScene.lua:1258:43 | Undefined field `[highest]`. [undefined-field]
WARN  | BreedingScene.lua:95:9 | Cannot assign `number` to `integer`. [assign-type-mismatch]
WARN  | BreedingScene.lua:99:9 | Cannot assign `number` to `integer`. [assign-type-mismatch]
WARN  | BreedingScene.lua:101:9 | Cannot assign `number` to `integer`. [assign-type-mismatch]
WARN  | BreedingScene.lua:104:9 | Cannot assign `number` to `integer`. [assign-type-mismatch]
WARN  | BreedingScene.lua:106:9 | Cannot assign `number` to `integer`. [assign-type-mismatch]
WARN  | BreedingScene.lua:113:5 | Cannot assign `number` to `integer`. [assign-type-mismatch]
WARN  | BreedingScene.lua:115:9 | Cannot assign `number` to `integer`. [assign-type-mismatch]
WARN  | BreedingScene.lua:423:5 | Cannot assign `number` to `integer`. [assign-type-mismatch]
WARN  | BreedingScene.lua:545:19 | Cannot assign `number` to `integer`. [assign-type-mismatch]
WARN  | BreedingScene.lua:684:5 | Cannot assign `number` to `integer`. [assign-type-mismatch]
WARN  | BreedingScene.lua:957:11 | Cannot assign `number` to `integer`. [assign-type-mismatch]
WARN  | BreedingScene.lua:1092:11 | Cannot assign `number` to `integer`. [assign-type-mismatch]
WARN  | BreedingScene.lua:1093:11 | Cannot assign `number` to `integer`. [assign-type-mismatch]
WARN  | BreedingScreen.lua:122:16 | Impossible `if` statement: this condition is always falsy [unnecessary-if]
WARN  | BreedingScreen.lua:259:16 | Impossible `if` statement: this condition is always falsy [unnecessary-if]
WARN  | BreedingScreen.lua:284:36 | Impossible `if` statement: this condition is always falsy [unnecessary-if]
WARN  | BreedingScreen.lua:316:12 | Impossible `if` statement: this condition is always falsy [unnecessary-if]
WARN  | BreedingScreen.lua:317:36 | Cannot call expression of type `never`. [call-non-callable]
WARN  | BreedingScreen.lua:321:32 | Cannot call expression of type `never`. [call-non-callable]
WARN  | BreedingScreen.lua:285:93 | expected `number` but found `number?`. [param-type-mismatch]
WARN  | BreedingScreen.lua:285:98 | expected `number` but found `number?`. [param-type-mismatch]
WARN  | BreedingScreen.lua:317:36 | screenRoot_ may be nil [need-check-nil]
WARN  | BreedingScreen.lua:321:32 | screenRoot_ may be nil [need-check-nil]
WARN  | BreedingScreen.lua:258:51 | Undefined field `[qualityId]`. [undefined-field]
WARN  | BreedingScreen.lua:167:44 | expected 0 parameters but found 1 [redundant-parameter]
WARN  | CodexScene.lua:499:8 | Impossible `if` statement: this condition is always falsy [unnecessary-if]
WARN  | CodexScene.lua:151:27 | expected `integer` but found `number`. [param-type-mismatch]
WARN  | CodexScene.lua:218:23 | expected `integer` but found `number`. [param-type-mismatch]
WARN  | CodexScene.lua:236:23 | expected `integer` but found `number`. [param-type-mismatch]
WARN  | CodexScene.lua:251:23 | expected `integer` but found `number`. [param-type-mismatch]
WARN  | CodexScene.lua:301:27 | expected `integer` but found `number`. [param-type-mismatch]
WARN  | CodexScene.lua:416:23 | expected `integer` but found `number`. [param-type-mismatch]
WARN  | CodexScene.lua:482:27 | expected `integer` but found `number`. [param-type-mismatch]
WARN  | CodexScene.lua:501:27 | expected `integer` but found `number`. [param-type-mismatch]
WARN  | CodexScene.lua:514:27 | expected `integer` but found `number`. [param-type-mismatch]
WARN  | CodexScene.lua:530:27 | expected `integer` but found `number`. [param-type-mismatch]
WARN  | CodexScene.lua:546:27 | expected `integer` but found `number`. [param-type-mismatch]
WARN  | CodexScene.lua:624:27 | expected `integer` but found `number`. [param-type-mismatch]
WARN  | CodexScene.lua:630:27 | expected `integer` but found `number`. [param-type-mismatch]
WARN  | CodexScene.lua:659:31 | expected `integer` but found `number`. [param-type-mismatch]
WARN  | CodexScene.lua:672:31 | expected `integer` but found `number`. [param-type-mismatch]
WARN  | CodexScene.lua:684:35 | expected `integer` but found `number`. [param-type-mismatch]
WARN  | CodexScene.lua:705:27 | expected `integer` but found `number`. [param-type-mismatch]
WARN  | CodexScene.lua:722:31 | expected `integer` but found `number`. [param-type-mismatch]
WARN  | CodexScene.lua:735:31 | expected `integer` but found `number`. [param-type-mismatch]
WARN  | CodexScene.lua:749:31 | expected `integer` but found `number`. [param-type-mismatch]
WARN  | CodexScene.lua:576:55 | Undefined field `[rarity.id]`. [undefined-field]
WARN  | CodexScene.lua:588:55 | Undefined field `[rarity.id]`. [undefined-field]
WARN  | CodexScene.lua:45:9 | Cannot assign `number` to `integer`. [assign-type-mismatch]
WARN  | CodexScene.lua:69:21 | Cannot assign `number` to `integer`. [assign-type-mismatch]
WARN  | CodexScene.lua:106:5 | Cannot assign `number` to `integer`. [assign-type-mismatch]
WARN  | FishingHUD.lua:313:16 | Impossible `if` statement: this condition is always falsy [unnecessary-if]
WARN  | FishingHUD.lua:354:16 | Impossible `if` statement: this condition is always falsy [unnecessary-if]
WARN  | FishingHUD.lua:473:8 | Impossible `if` statement: this condition is always falsy [unnecessary-if]
WARN  | FishingHUD.lua:551:20 | Impossible `if` statement: this condition is always falsy [unnecessary-if]
WARN  | FishingHUD.lua:673:12 | Impossible `if` statement: this condition is always falsy [unnecessary-if]
WARN  | FishingHUD.lua:680:12 | Impossible `if` statement: this condition is always falsy [unnecessary-if]
WARN  | FishingHUD.lua:705:16 | Impossible `if` statement: this condition is always falsy [unnecessary-if]
WARN  | FishingHUD.lua:714:16 | Impossible `if` statement: this condition is always falsy [unnecessary-if]
WARN  | FishingHUD.lua:110:5 | Cannot assign `number` to `integer`. [assign-type-mismatch]
WARN  | FishingHUD.lua:130:9 | Cannot assign `number` to `integer`. [assign-type-mismatch]
WARN  | FishingHUD.lua:703:13 | Cannot assign `nil` to `string`. [assign-type-mismatch]
WARN  | FishingScreen.lua:140:8 | Impossible `if` statement: this condition is always falsy [unnecessary-if]
WARN  | FishingScreen.lua:150:8 | Impossible `if` statement: this condition is always falsy [unnecessary-if]
WARN  | FishingScreen.lua:48:35 | Undefined field `build`. [undefined-field]
WARN  | IconManager.lua:234:8 | Impossible `if` statement: this condition is always falsy [unnecessary-if]
WARN  | IconManager.lua:273:23 | expected `integer` but found `number`. [param-type-mismatch]
WARN  | IconManager.lua:295:37 | expected `NVGContextWrapper` but found `userdata`. [param-type-mismatch]
WARN  | IconManager.lua:297:41 | expected `NVGContextWrapper` but found `userdata`. [param-type-mismatch]
WARN  | IconManager.lua:298:26 | expected `NVGContextWrapper` but found `userdata`. [param-type-mismatch]
WARN  | IconManager.lua:299:21 | expected `NVGContextWrapper` but found `userdata`. [param-type-mismatch]
WARN  | IconManager.lua:300:26 | expected `NVGContextWrapper` but found `userdata`. [param-type-mismatch]
WARN  | IconManager.lua:301:21 | expected `NVGContextWrapper` but found `userdata`. [param-type-mismatch]
WARN  | IconManager.lua:334:37 | expected `NVGContextWrapper` but found `userdata`. [param-type-mismatch]
WARN  | IconManager.lua:335:22 | expected `NVGContextWrapper` but found `userdata`. [param-type-mismatch]
WARN  | IconManager.lua:336:24 | expected `NVGContextWrapper` but found `userdata`. [param-type-mismatch]
WARN  | IconManager.lua:337:22 | expected `NVGContextWrapper` but found `userdata`. [param-type-mismatch]
WARN  | IconManager.lua:338:17 | expected `NVGContextWrapper` but found `userdata`. [param-type-mismatch]
WARN  | IconManager.lua:251:11 | Cannot assign `table?` to `table`. [assign-type-mismatch]
WARN  | IndustryScene.lua:186:8 | Impossible `if` statement: this condition is always falsy [unnecessary-if]
WARN  | IndustryScene.lua:207:8 | Impossible `if` statement: this condition is always falsy [unnecessary-if]
WARN  | IndustryScene.lua:214:8 | Impossible `if` statement: this condition is always falsy [unnecessary-if]
WARN  | IndustryScene.lua:312:8 | Impossible `if` statement: this condition is always falsy [unnecessary-if]
WARN  | IndustryScene.lua:369:8 | Unnecessary `if` statement: this condition is always truthy [unnecessary-if]
WARN  | IndustryScene.lua:386:12 | Unnecessary `if` statement: this condition is always truthy [unnecessary-if]
WARN  | IndustryScene.lua:401:12 | Impossible `if` statement: this condition is always falsy [unnecessary-if]
WARN  | IndustryScene.lua:410:8 | Impossible `if` statement: this condition is always falsy [unnecessary-if]
WARN  | IndustryScene.lua:414:12 | Unnecessary `if` statement: this condition is always truthy [unnecessary-if]
WARN  | IndustryScene.lua:500:20 | Impossible `if` statement: this condition is always falsy [unnecessary-if]
WARN  | IndustryScene.lua:557:12 | Impossible `if` statement: this condition is always falsy [unnecessary-if]
WARN  | IndustryScene.lua:656:20 | Impossible `if` statement: this condition is always falsy [unnecessary-if]
WARN  | IndustryScene.lua:687:8 | Impossible `if` statement: this condition is always falsy [unnecessary-if]
WARN  | IndustryScene.lua:696:8 | Impossible `if` statement: this condition is always falsy [unnecessary-if]
WARN  | IndustryScene.lua:782:8 | Impossible `if` statement: this condition is always falsy [unnecessary-if]
WARN  | IndustryScene.lua:820:8 | Unnecessary `if` statement: this condition is always truthy [unnecessary-if]
WARN  | IndustryScene.lua:907:8 | Impossible `if` statement: this condition is always falsy [unnecessary-if]
WARN  | IndustryScene.lua:944:8 | Impossible `if` statement: this condition is always falsy [unnecessary-if]
WARN  | IndustryScene.lua:958:8 | Impossible `if` statement: this condition is always falsy [unnecessary-if]
WARN  | IndustryScene.lua:976:8 | Impossible `if` statement: this condition is always falsy [unnecessary-if]
WARN  | IndustryScene.lua:1045:8 | Unnecessary `if` statement: this condition is always truthy [unnecessary-if]
WARN  | IndustryScene.lua:1090:12 | Impossible `if` statement: this condition is always falsy [unnecessary-if]
WARN  | IndustryScene.lua:1252:12 | Impossible `if` statement: this condition is always falsy [unnecessary-if]
WARN  | IndustryScene.lua:1271:8 | Impossible `if` statement: this condition is always falsy [unnecessary-if]
WARN  | IndustryScene.lua:1302:8 | Impossible `if` statement: this condition is always falsy [unnecessary-if]
WARN  | IndustryScene.lua:1329:8 | Impossible `if` statement: this condition is always falsy [unnecessary-if]
WARN  | IndustryScene.lua:1357:8 | Unnecessary `if` statement: this condition is always truthy [unnecessary-if]
WARN  | IndustryScene.lua:1397:8 | Unnecessary `if` statement: this condition is always truthy [unnecessary-if]
WARN  | IndustryScene.lua:1435:8 | Impossible `if` statement: this condition is always falsy [unnecessary-if]
WARN  | IndustryScene.lua:1461:8 | Impossible `if` statement: this condition is always falsy [unnecessary-if]
WARN  | IndustryScene.lua:1492:8 | Unnecessary `if` statement: this condition is always truthy [unnecessary-if]
WARN  | IndustryScene.lua:1571:12 | Impossible `if` statement: this condition is always falsy [unnecessary-if]
WARN  | IndustryScene.lua:1593:8 | Impossible `if` statement: this condition is always falsy [unnecessary-if]
WARN  | IndustryScene.lua:1901:8 | Impossible `if` statement: this condition is always falsy [unnecessary-if]
WARN  | IndustryScene.lua:1963:12 | Impossible `if` statement: this condition is always falsy [unnecessary-if]
WARN  | IndustryScene.lua:2087:8 | Impossible `if` statement: this condition is always falsy [unnecessary-if]
WARN  | IndustryScene.lua:2116:8 | Unnecessary `if` statement: this condition is always truthy [unnecessary-if]
WARN  | IndustryScene.lua:2124:12 | Impossible `if` statement: this condition is always falsy [unnecessary-if]
WARN  | IndustryScene.lua:2189:16 | Impossible `if` statement: this condition is always falsy [unnecessary-if]
WARN  | IndustryScene.lua:2335:8 | Unnecessary `if` statement: this condition is always truthy [unnecessary-if]
WARN  | IndustryScene.lua:2338:12 | Impossible `if` statement: this condition is always falsy [unnecessary-if]
WARN  | IndustryScene.lua:2340:16 | Impossible `if` statement: this condition is always falsy [unnecessary-if]
WARN  | IndustryScene.lua:2517:12 | Impossible `if` statement: this condition is always falsy [unnecessary-if]
WARN  | IndustryScene.lua:2652:8 | Impossible `if` statement: this condition is always falsy [unnecessary-if]
WARN  | IndustryScene.lua:922:27 | expected `integer` but found `number`. [param-type-mismatch]
WARN  | IndustryScene.lua:1013:27 | expected `integer` but found `number`. [param-type-mismatch]
WARN  | IndustryScene.lua:1036:23 | expected `integer` but found `number`. [param-type-mismatch]
WARN  | IndustryScene.lua:1242:23 | expected `integer` but found `number`. [param-type-mismatch]
WARN  | IndustryScene.lua:1247:27 | expected `integer` but found `number`. [param-type-mismatch]
WARN  | IndustryScene.lua:1307:27 | expected `integer` but found `number`. [param-type-mismatch]
WARN  | IndustryScene.lua:1446:23 | expected `integer` but found `number`. [param-type-mismatch]
WARN  | IndustryScene.lua:1452:23 | expected `integer` but found `number`. [param-type-mismatch]
WARN  | IndustryScene.lua:1479:27 | expected `integer` but found `number`. [param-type-mismatch]
WARN  | IndustryScene.lua:1577:31 | expected `integer` but found `number`. [param-type-mismatch]
WARN  | IndustryScene.lua:1614:27 | expected `integer` but found `number`. [param-type-mismatch]
WARN  | IndustryScene.lua:2206:53 | expected `integer` but found `never`. [param-type-mismatch]
WARN  | IndustryScene.lua:2717:35 | expected `integer` but found `number`. [param-type-mismatch]
WARN  | IndustryScene.lua:2739:23 | expected `integer` but found `number`. [param-type-mismatch]
WARN  | IndustryScene.lua:353:46 | tc may be nil [need-check-nil]
WARN  | IndustryScene.lua:354:46 | tc may be nil [need-check-nil]
WARN  | IndustryScene.lua:388:63 | seatDX[seatIn] value may be nil [need-check-nil]
WARN  | IndustryScene.lua:446:13 | tableCenters[i] may be nil [need-check-nil]
WARN  | IndustryScene.lua:446:33 | tableCenters[i] may be nil [need-check-nil]
WARN  | IndustryScene.lua:447:13 | tableCenters[i] may be nil [need-check-nil]
WARN  | IndustryScene.lua:447:33 | tableCenters[i] may be nil [need-check-nil]
WARN  | IndustryScene.lua:455:75 | tc may be nil [need-check-nil]
WARN  | IndustryScene.lua:455:81 | tc may be nil [need-check-nil]
WARN  | IndustryScene.lua:587:49 | recipe may be nil [need-check-nil]
WARN  | IndustryScene.lua:587:71 | recipe may be nil [need-check-nil]
WARN  | IndustryScene.lua:614:48 | recipe may be nil [need-check-nil]
WARN  | IndustryScene.lua:1084:46 | tc may be nil [need-check-nil]
WARN  | IndustryScene.lua:1085:46 | tc may be nil [need-check-nil]
WARN  | IndustryScene.lua:1148:12 | s may be nil [need-check-nil]
WARN  | IndustryScene.lua:1149:16 | s may be nil [need-check-nil]
WARN  | IndustryScene.lua:1149:41 | s may be nil [need-check-nil]
WARN  | IndustryScene.lua:2178:51 | slot may be nil [need-check-nil]
WARN  | IndustryScene.lua:2179:37 | slot may be nil [need-check-nil]
WARN  | IndustryScene.lua:2179:50 | slot may be nil [need-check-nil]
WARN  | IndustryScene.lua:2206:53 | slot may be nil [need-check-nil]
WARN  | IndustryScene.lua:2673:46 | tc may be nil [need-check-nil]
WARN  | IndustryScene.lua:2674:46 | tc may be nil [need-check-nil]
WARN  | IndustryScene.lua:2688:58 | seatDX[seatIn] value may be nil [need-check-nil]
WARN  | IndustryScene.lua:2688:51 | tc may be nil [need-check-nil]
WARN  | IndustryScene.lua:2689:51 | tc may be nil [need-check-nil]
WARN  | IndustryScene.lua:2772:20 | tc may be nil [need-check-nil]
WARN  | IndustryScene.lua:2772:26 | tc may be nil [need-check-nil]
WARN  | IndustryScene.lua:301:9 | Cannot assign `number` to `integer`. [assign-type-mismatch]
WARN  | IndustryScene.lua:305:9 | Cannot assign `number` to `integer`. [assign-type-mismatch]
WARN  | IndustryScene.lua:313:9 | Cannot assign `number` to `integer`. [assign-type-mismatch]
WARN  | IndustryScene.lua:319:9 | Cannot assign `number` to `integer`. [assign-type-mismatch]
WARN  | IndustryScene.lua:325:9 | Cannot assign `number` to `integer`. [assign-type-mismatch]
WARN  | IndustryScene.lua:333:5 | Cannot assign `number` to `integer`. [assign-type-mismatch]
WARN  | IndustryScene.lua:393:21 | Cannot assign `number` to `integer`. [assign-type-mismatch]
WARN  | IndustryScene.lua:394:21 | Cannot assign `number` to `integer`. [assign-type-mismatch]
WARN  | IndustryScene.lua:403:13 | Cannot assign `number` to `integer`. [assign-type-mismatch]
WARN  | IndustryScene.lua:404:13 | Cannot assign `number` to `integer`. [assign-type-mismatch]
WARN  | IndustryScene.lua:528:21 | Cannot assign `number` to `integer`. [assign-type-mismatch]
WARN  | IndustryScene.lua:614:21 | Cannot assign `never` to `string`. [assign-type-mismatch]
WARN  | IndustryScene.lua:617:21 | Cannot assign `number` to `integer`. [assign-type-mismatch]
WARN  | IndustryScene.lua:618:21 | Cannot assign `number` to `integer`. [assign-type-mismatch]
WARN  | IndustryScene.lua:658:21 | Cannot assign `number` to `integer`. [assign-type-mismatch]
WARN  | IndustryScene.lua:843:13 | Cannot assign `number` to `integer`. [assign-type-mismatch]
WARN  | IndustryScene.lua:849:13 | Cannot assign `number` to `integer`. [assign-type-mismatch]
WARN  | IndustryScene.lua:850:13 | Cannot assign `number` to `integer`. [assign-type-mismatch]
WARN  | IndustryScene.lua:1372:13 | Cannot assign `number` to `integer`. [assign-type-mismatch]
WARN  | IndustryScene.lua:1373:13 | Cannot assign `number` to `integer`. [assign-type-mismatch]
WARN  | IndustryScene.lua:1506:13 | Cannot assign `number` to `integer`. [assign-type-mismatch]
WARN  | IndustryScene.lua:1507:13 | Cannot assign `number` to `integer`. [assign-type-mismatch]
WARN  | IndustryScene.lua:1698:11 | Cannot assign `number` to `integer`. [assign-type-mismatch]
WARN  | IndustryScene.lua:1699:11 | Cannot assign `number` to `integer`. [assign-type-mismatch]
WARN  | IndustryScene.lua:1913:15 | Cannot assign `number` to `integer`. [assign-type-mismatch]
WARN  | IndustryScene.lua:2059:5 | Cannot assign `number` to `integer`. [assign-type-mismatch]
WARN  | IndustryScene.lua:2248:11 | Cannot assign `number` to `integer`. [assign-type-mismatch]
WARN  | IndustryScene.lua:2541:13 | Cannot assign `number` to `integer`. [assign-type-mismatch]
WARN  | IndustryScreen.lua:131:16 | Unnecessary `if` statement: this condition is always truthy [unnecessary-if]
WARN  | IndustryScreen.lua:313:8 | Impossible `if` statement: this condition is always falsy [unnecessary-if]
WARN  | IndustryScreen.lua:286:36 | Cannot call expression of type `never`. [call-non-callable]
WARN  | IndustryScreen.lua:290:32 | Cannot call expression of type `never`. [call-non-callable]
WARN  | IndustryScreen.lua:301:36 | Cannot call expression of type `never`. [call-non-callable]
WARN  | IndustryScreen.lua:125:67 | expected `number` but found `never`. [param-type-mismatch]
WARN  | IndustryScreen.lua:213:53 | fish may be nil [need-check-nil]
WARN  | IndustryScreen.lua:286:36 | screenRoot_ may be nil [need-check-nil]
WARN  | IndustryScreen.lua:290:32 | screenRoot_ may be nil [need-check-nil]
WARN  | IndustryScreen.lua:301:36 | screenRoot_ may be nil [need-check-nil]
WARN  | IndustryScreen.lua:106:42 | Undefined field `unlockedIndustrySlots`. [undefined-field]
WARN  | IndustryScreen.lua:107:32 | Undefined field `processingSlots`. [undefined-field]
WARN  | IndustryScreen.lua:134:45 | Undefined field `getSlotProgress`. [undefined-field]
WARN  | IndustryScreen.lua:135:46 | Undefined field `getSlotRemainingTime`. [undefined-field]
WARN  | IndustryScreen.lua:266:56 | Undefined field `startProcessing`. [undefined-field]
WARN  | IndustryScreen.lua:283:26 | Undefined field `unlockedIndustrySlots`. [undefined-field]
WARN  | IndustryScreen.lua:284:32 | Undefined field `processingSlots`. [undefined-field]
WARN  | IndustryScreen.lua:288:56 | Undefined field `getSlotProgress`. [undefined-field]
WARN  | IndustryScreen.lua:292:74 | Undefined field `getSlotRemainingTime`. [undefined-field]
WARN  | IndustryScreen.lua:299:26 | Undefined field `unlockedIndustrySlots`. [undefined-field]
WARN  | IndustryScreen.lua:300:26 | Undefined field `processingSlots`. [undefined-field]
WARN  | IndustryScreen.lua:133:56 | Undefined field `recipeId`. [undefined-field]
WARN  | IndustryScreen.lua:165:36 | expected 0 parameters but found 1 [redundant-parameter]
WARN  | ResearchScene.lua:131:27 | expected `integer` but found `number`. [param-type-mismatch]
WARN  | ResearchScene.lua:198:23 | expected `integer` but found `number`. [param-type-mismatch]
WARN  | ResearchScene.lua:216:23 | expected `integer` but found `number`. [param-type-mismatch]
WARN  | ResearchScene.lua:230:23 | expected `integer` but found `number`. [param-type-mismatch]
WARN  | ResearchScene.lua:278:27 | expected `integer` but found `number`. [param-type-mismatch]
WARN  | ResearchScene.lua:320:27 | expected `integer` but found `number`. [param-type-mismatch]
WARN  | ResearchScene.lua:408:23 | expected `integer` but found `number`. [param-type-mismatch]
WARN  | ResearchScene.lua:415:23 | expected `integer` but found `number`. [param-type-mismatch]
WARN  | ResearchScene.lua:461:23 | expected `integer` but found `number`. [param-type-mismatch]
WARN  | ResearchScene.lua:494:27 | expected `integer` but found `number`. [param-type-mismatch]
WARN  | ResearchScene.lua:522:27 | expected `integer` but found `number`. [param-type-mismatch]
WARN  | ResearchScene.lua:76:45 | cfg may be nil [need-check-nil]
WARN  | ResearchScene.lua:43:9 | Cannot assign `number` to `integer`. [assign-type-mismatch]
WARN  | ResearchScene.lua:67:21 | Cannot assign `number` to `integer`. [assign-type-mismatch]
WARN  | ResearchScene.lua:90:5 | Cannot assign `number` to `integer`. [assign-type-mismatch]
WARN  | UIAtlas.lua:96:27 | expected `NVGContextWrapper` but found `userdata`. [param-type-mismatch]
WARN  | UIAtlas.lua:99:37 | expected `NVGContextWrapper` but found `userdata`. [param-type-mismatch]
WARN  | UIAtlas.lua:178:13 | expected `NVGContextWrapper` but found `userdata`. [param-type-mismatch]
WARN  | UIAtlas.lua:180:24 | expected `NVGContextWrapper` but found `userdata`. [param-type-mismatch]
WARN  | UIAtlas.lua:184:18 | expected `NVGContextWrapper` but found `userdata`. [param-type-mismatch]
WARN  | UIAtlas.lua:194:33 | expected `NVGContextWrapper` but found `userdata`. [param-type-mismatch]
WARN  | UIAtlas.lua:199:18 | expected `NVGContextWrapper` but found `userdata`. [param-type-mismatch]
WARN  | UIAtlas.lua:200:13 | expected `NVGContextWrapper` but found `userdata`. [param-type-mismatch]
WARN  | UIAtlas.lua:201:18 | expected `NVGContextWrapper` but found `userdata`. [param-type-mismatch]
WARN  | UIAtlas.lua:202:13 | expected `NVGContextWrapper` but found `userdata`. [param-type-mismatch]
WARN  | UIAtlas.lua:204:16 | expected `NVGContextWrapper` but found `userdata`. [param-type-mismatch]
WARN  | UIAtlas.lua:227:13 | expected `NVGContextWrapper` but found `userdata`. [param-type-mismatch]
WARN  | UIAtlas.lua:229:24 | expected `NVGContextWrapper` but found `userdata`. [param-type-mismatch]
WARN  | UIAtlas.lua:233:18 | expected `NVGContextWrapper` but found `userdata`. [param-type-mismatch]
WARN  | UIAtlas.lua:240:33 | expected `NVGContextWrapper` but found `userdata`. [param-type-mismatch]
WARN  | UIAtlas.lua:245:18 | expected `NVGContextWrapper` but found `userdata`. [param-type-mismatch]
WARN  | UIAtlas.lua:246:20 | expected `NVGContextWrapper` but found `userdata`. [param-type-mismatch]
WARN  | UIAtlas.lua:247:18 | expected `NVGContextWrapper` but found `userdata`. [param-type-mismatch]
WARN  | UIAtlas.lua:248:13 | expected `NVGContextWrapper` but found `userdata`. [param-type-mismatch]
WARN  | UIAtlas.lua:250:16 | expected `NVGContextWrapper` but found `userdata`. [param-type-mismatch]
WARN  | UICore.lua:282:23 | expected `integer` but found `number`. [param-type-mismatch]
WARN  | UICore.lua:264:30 | qc may be nil [need-check-nil]
WARN  | UICore.lua:264:37 | qc may be nil [need-check-nil]
WARN  | UICore.lua:264:44 | qc may be nil [need-check-nil]
WARN  | UIManager.lua:72:8 | Impossible `if` statement: this condition is always falsy [unnecessary-if]
WARN  | WaterRenderer.lua:36:8 | Impossible `if` statement: this condition is always falsy [unnecessary-if]
WARN  | WaterRenderer.lua:65:8 | Impossible `if` statement: this condition is always falsy [unnecessary-if]
WARN  | WaterRenderer.lua:15:9 | expected `integer?` but found `number`. [param-type-mismatch]
WARN  | WaterRenderer.lua:17:9 | expected `integer?` but found `number`. [param-type-mismatch]
WARN  | WaterRenderer.lua:30:18 | expected `NVGContextWrapper` but found `userdata`. [param-type-mismatch]
WARN  | WaterRenderer.lua:31:13 | expected `NVGContextWrapper` but found `userdata`. [param-type-mismatch]
WARN  | WaterRenderer.lua:32:18 | expected `NVGContextWrapper` but found `userdata`. [param-type-mismatch]
WARN  | WaterRenderer.lua:33:13 | expected `NVGContextWrapper` but found `userdata`. [param-type-mismatch]
WARN  | WaterRenderer.lua:42:38 | expected `NVGContextWrapper` but found `userdata`. [param-type-mismatch]
WARN  | WaterRenderer.lua:44:22 | expected `NVGContextWrapper` but found `userdata`. [param-type-mismatch]
WARN  | WaterRenderer.lua:45:17 | expected `NVGContextWrapper` but found `userdata`. [param-type-mismatch]
WARN  | WaterRenderer.lua:46:22 | expected `NVGContextWrapper` but found `userdata`. [param-type-mismatch]
WARN  | WaterRenderer.lua:47:17 | expected `NVGContextWrapper` but found `userdata`. [param-type-mismatch]
WARN  | WaterRenderer.lua:53:17 | expected `NVGContextWrapper` but found `userdata`. [param-type-mismatch]
WARN  | WaterRenderer.lua:54:24 | expected `NVGContextWrapper` but found `userdata`. [param-type-mismatch]
WARN  | WaterRenderer.lua:55:38 | expected `NVGContextWrapper` but found `userdata`. [param-type-mismatch]
WARN  | WaterRenderer.lua:57:22 | expected `NVGContextWrapper` but found `userdata`. [param-type-mismatch]
WARN  | WaterRenderer.lua:58:17 | expected `NVGContextWrapper` but found `userdata`. [param-type-mismatch]
WARN  | WaterRenderer.lua:59:22 | expected `NVGContextWrapper` but found `userdata`. [param-type-mismatch]
WARN  | WaterRenderer.lua:60:17 | expected `NVGContextWrapper` but found `userdata`. [param-type-mismatch]
WARN  | WaterRenderer.lua:61:20 | expected `NVGContextWrapper` but found `userdata`. [param-type-mismatch]
WARN  | WaterRenderer.lua:74:39 | expected `NVGContextWrapper` but found `userdata`. [param-type-mismatch]
WARN  | WaterRenderer.lua:76:39 | expected `NVGContextWrapper` but found `userdata`. [param-type-mismatch]
WARN  | WaterRenderer.lua:79:17 | expected `NVGContextWrapper` but found `userdata`. [param-type-mismatch]
WARN  | WaterRenderer.lua:80:37 | expected `NVGContextWrapper` but found `userdata`. [param-type-mismatch]
WARN  | WaterRenderer.lua:81:24 | expected `NVGContextWrapper` but found `userdata`. [param-type-mismatch]
WARN  | WaterRenderer.lua:83:22 | expected `NVGContextWrapper` but found `userdata`. [param-type-mismatch]
WARN  | WaterRenderer.lua:84:17 | expected `NVGContextWrapper` but found `userdata`. [param-type-mismatch]
WARN  | WaterRenderer.lua:85:22 | expected `NVGContextWrapper` but found `userdata`. [param-type-mismatch]
WARN  | WaterRenderer.lua:86:17 | expected `NVGContextWrapper` but found `userdata`. [param-type-mismatch]
WARN  | WaterRenderer.lua:88:22 | expected `NVGContextWrapper` but found `userdata`. [param-type-mismatch]
WARN  | WaterRenderer.lua:89:17 | expected `NVGContextWrapper` but found `userdata`. [param-type-mismatch]
WARN  | WaterRenderer.lua:90:22 | expected `NVGContextWrapper` but found `userdata`. [param-type-mismatch]
WARN  | WaterRenderer.lua:91:17 | expected `NVGContextWrapper` but found `userdata`. [param-type-mismatch]
WARN  | WaterRenderer.lua:93:20 | expected `NVGContextWrapper` but found `userdata`. [param-type-mismatch]
WARN  | WaterScene.lua:315:8 | Impossible `if` statement: this condition is always falsy [unnecessary-if]
WARN  | WaterScene.lua:323:8 | Impossible `if` statement: this condition is always falsy [unnecessary-if]
WARN  | WaterScene.lua:329:8 | Impossible `if` statement: this condition is always falsy [unnecessary-if]
WARN  | WaterScene.lua:342:8 | Impossible `if` statement: this condition is always falsy [unnecessary-if]
WARN  | WaterScene.lua:355:8 | Impossible `if` statement: this condition is always falsy [unnecessary-if]
WARN  | WaterScene.lua:365:8 | Impossible `if` statement: this condition is always falsy [unnecessary-if]
WARN  | WaterScene.lua:373:8 | Impossible `if` statement: this condition is always falsy [unnecessary-if]
WARN  | WaterScene.lua:379:8 | Impossible `if` statement: this condition is always falsy [unnecessary-if]
WARN  | WaterScene.lua:391:8 | Impossible `if` statement: this condition is always falsy [unnecessary-if]
WARN  | WaterScene.lua:403:8 | Impossible `if` statement: this condition is always falsy [unnecessary-if]
WARN  | WaterScene.lua:414:8 | Impossible `if` statement: this condition is always falsy [unnecessary-if]
WARN  | WaterScene.lua:425:8 | Impossible `if` statement: this condition is always falsy [unnecessary-if]
WARN  | WaterScene.lua:431:8 | Impossible `if` statement: this condition is always falsy [unnecessary-if]
WARN  | WaterScene.lua:437:8 | Impossible `if` statement: this condition is always falsy [unnecessary-if]
WARN  | WaterScene.lua:443:8 | Impossible `if` statement: this condition is always falsy [unnecessary-if]
WARN  | WaterScene.lua:448:8 | Impossible `if` statement: this condition is always falsy [unnecessary-if]
WARN  | WaterScene.lua:489:12 | Unnecessary `if` statement: this condition is always truthy [unnecessary-if]
WARN  | WaterScene.lua:567:8 | Unnecessary `if` statement: this condition is always truthy [unnecessary-if]
WARN  | WaterScene.lua:575:8 | Unnecessary `if` statement: this condition is always truthy [unnecessary-if]
WARN  | WaterScene.lua:776:8 | Impossible `if` statement: this condition is always falsy [unnecessary-if]
WARN  | WaterScene.lua:781:8 | Impossible `if` statement: this condition is always falsy [unnecessary-if]
WARN  | WaterScene.lua:786:8 | Impossible `if` statement: this condition is always falsy [unnecessary-if]
WARN  | WaterScene.lua:791:8 | Impossible `if` statement: this condition is always falsy [unnecessary-if]
WARN  | WaterScene.lua:796:8 | Impossible `if` statement: this condition is always falsy [unnecessary-if]
WARN  | WaterScene.lua:930:8 | Impossible `if` statement: this condition is always falsy [unnecessary-if]
WARN  | WaterScene.lua:1064:8 | Impossible `if` statement: this condition is always falsy [unnecessary-if]
WARN  | WaterScene.lua:1455:8 | Unnecessary `if` statement: this condition is always truthy [unnecessary-if]
WARN  | WaterScene.lua:1458:8 | Unnecessary `if` statement: this condition is always truthy [unnecessary-if]
WARN  | WaterScene.lua:1511:12 | Unnecessary `if` statement: this condition is always truthy [unnecessary-if]
WARN  | WaterScene.lua:1514:16 | Impossible `if` statement: this condition is always falsy [unnecessary-if]
WARN  | WaterScene.lua:1553:8 | Impossible `if` statement: this condition is always falsy [unnecessary-if]
WARN  | WaterScene.lua:1618:8 | Unnecessary `if` statement: this condition is always truthy [unnecessary-if]
WARN  | WaterScene.lua:1667:16 | Unnecessary `if` statement: this condition is always truthy [unnecessary-if]
WARN  | WaterScene.lua:1744:8 | Impossible `if` statement: this condition is always falsy [unnecessary-if]
WARN  | WaterScene.lua:2062:8 | Impossible `if` statement: this condition is always falsy [unnecessary-if]
WARN  | WaterScene.lua:2159:8 | Unnecessary `if` statement: this condition is always truthy [unnecessary-if]
WARN  | WaterScene.lua:2181:12 | Impossible `if` statement: this condition is always falsy [unnecessary-if]
WARN  | WaterScene.lua:2197:12 | Impossible `if` statement: this condition is always falsy [unnecessary-if]
WARN  | WaterScene.lua:2206:12 | Impossible `if` statement: this condition is always falsy [unnecessary-if]
WARN  | WaterScene.lua:2262:8 | Impossible `if` statement: this condition is always falsy [unnecessary-if]
WARN  | WaterScene.lua:2355:8 | Impossible `if` statement: this condition is always falsy [unnecessary-if]
WARN  | WaterScene.lua:2388:8 | Impossible `if` statement: this condition is always falsy [unnecessary-if]
WARN  | WaterScene.lua:2406:8 | Unnecessary `if` statement: this condition is always truthy [unnecessary-if]
WARN  | WaterScene.lua:2408:12 | Impossible `if` statement: this condition is always falsy [unnecessary-if]
WARN  | WaterScene.lua:2643:8 | Unnecessary `if` statement: this condition is always truthy [unnecessary-if]
WARN  | WaterScene.lua:2665:8 | Impossible `if` statement: this condition is always falsy [unnecessary-if]
WARN  | WaterScene.lua:2735:12 | Impossible `if` statement: this condition is always falsy [unnecessary-if]
WARN  | WaterScene.lua:2849:8 | Impossible `if` statement: this condition is always falsy [unnecessary-if]
WARN  | WaterScene.lua:2852:12 | Unnecessary `if` statement: this condition is always truthy [unnecessary-if]
WARN  | WaterScene.lua:2868:12 | Impossible `if` statement: this condition is always falsy [unnecessary-if]
WARN  | WaterScene.lua:2903:8 | Unnecessary `if` statement: this condition is always truthy [unnecessary-if]
WARN  | WaterScene.lua:3003:8 | Unnecessary `if` statement: this condition is always truthy [unnecessary-if]
WARN  | WaterScene.lua:3027:12 | Impossible `if` statement: this condition is always falsy [unnecessary-if]
WARN  | WaterScene.lua:3056:16 | Impossible `if` statement: this condition is always falsy [unnecessary-if]
WARN  | WaterScene.lua:3123:8 | Impossible `if` statement: this condition is always falsy [unnecessary-if]
WARN  | WaterScene.lua:3156:8 | Unnecessary `if` statement: this condition is always truthy [unnecessary-if]
WARN  | WaterScene.lua:3159:8 | Unnecessary `if` statement: this condition is always truthy [unnecessary-if]
WARN  | WaterScene.lua:3191:12 | Impossible `if` statement: this condition is always falsy [unnecessary-if]
WARN  | WaterScene.lua:3204:12 | Impossible `if` statement: this condition is always falsy [unnecessary-if]
WARN  | WaterScene.lua:3266:8 | Impossible `if` statement: this condition is always falsy [unnecessary-if]
WARN  | WaterScene.lua:3315:8 | Unnecessary `if` statement: this condition is always truthy [unnecessary-if]
WARN  | WaterScene.lua:3317:8 | Unnecessary `if` statement: this condition is always truthy [unnecessary-if]
WARN  | WaterScene.lua:3404:12 | Impossible `if` statement: this condition is always falsy [unnecessary-if]
WARN  | WaterScene.lua:3435:8 | Unnecessary `if` statement: this condition is always truthy [unnecessary-if]
WARN  | WaterScene.lua:3552:8 | Impossible `if` statement: this condition is always falsy [unnecessary-if]
WARN  | WaterScene.lua:3627:8 | Impossible `if` statement: this condition is always falsy [unnecessary-if]
WARN  | WaterScene.lua:3637:8 | Impossible `if` statement: this condition is always falsy [unnecessary-if]
WARN  | WaterScene.lua:3665:12 | Impossible `if` statement: this condition is always falsy [unnecessary-if]
WARN  | WaterScene.lua:3674:12 | Impossible `if` statement: this condition is always falsy [unnecessary-if]
WARN  | WaterScene.lua:614:49 | expected `string` but found `never`. [param-type-mismatch]
WARN  | WaterScene.lua:1107:25 | expected `(unknown[]|table<integer,unknown>|{ [integer]: unknown })` but found `nil`. [param-type-mismatch]
WARN  | WaterScene.lua:1596:27 | expected `integer` but found `number`. [param-type-mismatch]
WARN  | WaterScene.lua:2047:37 | expected `NVGContextWrapper` but found `userdata`. [param-type-mismatch]
WARN  | WaterScene.lua:2047:79 | expected `integer` but found `userdata`. [param-type-mismatch]
WARN  | WaterScene.lua:2048:22 | expected `NVGContextWrapper` but found `userdata`. [param-type-mismatch]
WARN  | WaterScene.lua:2049:17 | expected `NVGContextWrapper` but found `userdata`. [param-type-mismatch]
WARN  | WaterScene.lua:2050:22 | expected `NVGContextWrapper` but found `userdata`. [param-type-mismatch]
WARN  | WaterScene.lua:2051:17 | expected `NVGContextWrapper` but found `userdata`. [param-type-mismatch]
WARN  | WaterScene.lua:2066:37 | expected `NVGContextWrapper` but found `userdata`. [param-type-mismatch]
WARN  | WaterScene.lua:2067:22 | expected `NVGContextWrapper` but found `userdata`. [param-type-mismatch]
WARN  | WaterScene.lua:2068:17 | expected `NVGContextWrapper` but found `userdata`. [param-type-mismatch]
WARN  | WaterScene.lua:2069:22 | expected `NVGContextWrapper` but found `userdata`. [param-type-mismatch]
WARN  | WaterScene.lua:2070:17 | expected `NVGContextWrapper` but found `userdata`. [param-type-mismatch]
WARN  | WaterScene.lua:2085:46 | expected `userdata` but found `nil`. [param-type-mismatch]
WARN  | WaterScene.lua:2090:46 | expected `userdata` but found `nil`. [param-type-mismatch]
WARN  | WaterScene.lua:2378:23 | expected `integer` but found `number`. [param-type-mismatch]
WARN  | WaterScene.lua:2401:27 | expected `integer` but found `number`. [param-type-mismatch]
WARN  | WaterScene.lua:2419:31 | expected `integer` but found `number`. [param-type-mismatch]
WARN  | WaterScene.lua:2472:23 | expected `integer` but found `number`. [param-type-mismatch]
WARN  | WaterScene.lua:2501:27 | expected `integer` but found `number`. [param-type-mismatch]
WARN  | WaterScene.lua:2527:23 | expected `integer` but found `number`. [param-type-mismatch]
WARN  | WaterScene.lua:2596:23 | expected `integer` but found `number`. [param-type-mismatch]
WARN  | WaterScene.lua:2614:23 | expected `integer` but found `number`. [param-type-mismatch]
WARN  | WaterScene.lua:2754:27 | expected `integer` but found `number`. [param-type-mismatch]
WARN  | WaterScene.lua:2929:43 | expected `table` but found `table?`. [param-type-mismatch]
WARN  | WaterScene.lua:3024:39 | expected `table` but found `table?`. [param-type-mismatch]
WARN  | WaterScene.lua:3049:32 | expected `integer` but found `nil`. [param-type-mismatch]
WARN  | WaterScene.lua:3302:27 | expected `integer` but found `number`. [param-type-mismatch]
WARN  | WaterScene.lua:3816:23 | expected `integer` but found `number`. [param-type-mismatch]
WARN  | WaterScene.lua:3858:27 | expected `integer` but found `number`. [param-type-mismatch]
WARN  | WaterScene.lua:3876:27 | expected `integer` but found `number`. [param-type-mismatch]
WARN  | WaterScene.lua:593:22 | chosenFish may be nil [need-check-nil]
WARN  | WaterScene.lua:605:34 | chosenFish may be nil [need-check-nil]
WARN  | WaterScene.lua:614:49 | chosenFish may be nil [need-check-nil]
WARN  | WaterScene.lua:625:23 | chosenFish may be nil [need-check-nil]
WARN  | WaterScene.lua:628:17 | chosenFish may be nil [need-check-nil]
WARN  | WaterScene.lua:680:25 | rodTimers_[i] value may be nil [need-check-nil]
WARN  | WaterScene.lua:2174:42 | crewCfg may be nil [need-check-nil]
WARN  | WaterScene.lua:2225:32 | crewCfg may be nil [need-check-nil]
WARN  | WaterScene.lua:2857:42 | boatCfg.LEVELS[GameState.boatLevel] may be nil [need-check-nil]
WARN  | WaterScene.lua:2922:35 | rod may be nil [need-check-nil]
WARN  | WaterScene.lua:2926:29 | rod may be nil [need-check-nil]
WARN  | WaterScene.lua:2931:30 | rod may be nil [need-check-nil]
WARN  | WaterScene.lua:3020:23 | rod may be nil [need-check-nil]
WARN  | WaterScene.lua:3021:23 | rod may be nil [need-check-nil]
WARN  | WaterScene.lua:3038:16 | rod may be nil [need-check-nil]
WARN  | WaterScene.lua:3068:25 | rod may be nil [need-check-nil]
WARN  | WaterScene.lua:3071:26 | rod may be nil [need-check-nil]
WARN  | WaterScene.lua:3080:52 | rod may be nil [need-check-nil]
WARN  | WaterScene.lua:3081:52 | rod may be nil [need-check-nil]
WARN  | WaterScene.lua:638:5 | Cannot assign `number` to `integer`. [assign-type-mismatch]
WARN  | WaterScene.lua:639:5 | Cannot assign `number` to `integer`. [assign-type-mismatch]
WARN  | WaterScene.lua:640:5 | Cannot assign `number` to `integer`. [assign-type-mismatch]
WARN  | WaterScene.lua:641:5 | Cannot assign `number` to `integer`. [assign-type-mismatch]
WARN  | WaterScene.lua:647:5 | Cannot assign `number` to `integer`. [assign-type-mismatch]
WARN  | WaterScene.lua:652:5 | Cannot assign `number` to `integer`. [assign-type-mismatch]
WARN  | WaterScene.lua:661:5 | Cannot assign `number` to `integer`. [assign-type-mismatch]
WARN  | WaterScene.lua:693:5 | Cannot assign `number` to `integer`. [assign-type-mismatch]
WARN  | WaterScene.lua:694:5 | Cannot assign `number` to `integer`. [assign-type-mismatch]
WARN  | WaterScene.lua:695:5 | Cannot assign `number` to `integer`. [assign-type-mismatch]
WARN  | WaterScene.lua:819:9 | Cannot assign `number` to `integer`. [assign-type-mismatch]
WARN  | WaterScene.lua:824:9 | Cannot assign `number` to `integer`. [assign-type-mismatch]
WARN  | WaterScene.lua:932:15 | Cannot assign `number` to `integer`. [assign-type-mismatch]
WARN  | WaterScene.lua:1490:17 | Cannot assign `number` to `integer`. [assign-type-mismatch]
WARN  | WaterScene.lua:1491:17 | Cannot assign `number` to `integer`. [assign-type-mismatch]
WARN  | WaterScene.lua:1492:17 | Cannot assign `number` to `integer`. [assign-type-mismatch]
WARN  | WaterScene.lua:1501:13 | Cannot assign `number` to `integer`. [assign-type-mismatch]
WARN  | WaterScene.lua:1502:13 | Cannot assign `number` to `integer`. [assign-type-mismatch]
WARN  | WaterScene.lua:1503:13 | Cannot assign `number` to `integer`. [assign-type-mismatch]
WARN  | WaterScene.lua:1504:13 | Cannot assign `number` to `integer`. [assign-type-mismatch]
WARN  | WaterScene.lua:1659:21 | Cannot assign `number` to `integer`. [assign-type-mismatch]
WARN  | WaterScene.lua:1660:21 | Cannot assign `number` to `integer`. [assign-type-mismatch]
WARN  | WaterScene.lua:1671:21 | Cannot assign `number` to `integer`. [assign-type-mismatch]
WARN  | WaterScene.lua:1672:21 | Cannot assign `number` to `integer`. [assign-type-mismatch]
WARN  | WaterScene.lua:1673:21 | Cannot assign `number` to `integer`. [assign-type-mismatch]
WARN  | WaterScene.lua:1674:21 | Cannot assign `number` to `integer`. [assign-type-mismatch]
WARN  | WaterScene.lua:1748:9 | Cannot assign `number` to `integer`. [assign-type-mismatch]
WARN  | WaterScene.lua:1749:9 | Cannot assign `number` to `integer`. [assign-type-mismatch]
WARN  | WaterScene.lua:1750:9 | Cannot assign `number` to `integer`. [assign-type-mismatch]
WARN  | WaterScene.lua:1751:9 | Cannot assign `number` to `integer`. [assign-type-mismatch]
WARN  | WaterScene.lua:2241:5 | Cannot assign `number` to `integer`. [assign-type-mismatch]
WARN  | WaterScene.lua:2242:5 | Cannot assign `number` to `integer`. [assign-type-mismatch]
WARN  | WaterScene.lua:2342:5 | Cannot assign `number` to `integer`. [assign-type-mismatch]
WARN  | WaterScene.lua:2343:5 | Cannot assign `number` to `integer`. [assign-type-mismatch]
WARN  | WaterScene.lua:2344:5 | Cannot assign `number` to `integer`. [assign-type-mismatch]
WARN  | WaterScene.lua:2554:11 | Cannot assign `number` to `integer`. [assign-type-mismatch]
WARN  | WaterScene.lua:2555:11 | Cannot assign `number` to `integer`. [assign-type-mismatch]
WARN  | WaterScene.lua:2584:5 | Cannot assign `number` to `integer`. [assign-type-mismatch]
WARN  | WaterScene.lua:2585:5 | Cannot assign `number` to `integer`. [assign-type-mismatch]
WARN  | WaterScene.lua:2586:5 | Cannot assign `number` to `integer`. [assign-type-mismatch]
WARN  | WaterScene.lua:2587:5 | Cannot assign `number` to `integer`. [assign-type-mismatch]
WARN  | WaterScene.lua:2679:9 | Cannot assign `number` to `integer`. [assign-type-mismatch]
WARN  | WaterScene.lua:2680:9 | Cannot assign `number` to `integer`. [assign-type-mismatch]
WARN  | WaterScene.lua:2681:9 | Cannot assign `number` to `integer`. [assign-type-mismatch]
WARN  | WaterScene.lua:2682:9 | Cannot assign `number` to `integer`. [assign-type-mismatch]
WARN  | WaterScene.lua:3186:17 | Cannot assign `number` to `integer`. [assign-type-mismatch]
WARN  | WaterScene.lua:3187:17 | Cannot assign `number` to `integer`. [assign-type-mismatch]
WARN  | WaterScene.lua:3368:21 | Cannot assign `number` to `integer`. [assign-type-mismatch]
WARN  | WaterScene.lua:3369:21 | Cannot assign `number` to `integer`. [assign-type-mismatch]
WARN  | WaterScene.lua:3370:21 | Cannot assign `number` to `integer`. [assign-type-mismatch]
WARN  | WaterScene.lua:3381:21 | Cannot assign `number` to `integer`. [assign-type-mismatch]
WARN  | WaterScene.lua:3382:21 | Cannot assign `number` to `integer`. [assign-type-mismatch]
WARN  | WaterScene.lua:3383:21 | Cannot assign `number` to `integer`. [assign-type-mismatch]
WARN  | WaterScene.lua:3384:21 | Cannot assign `number` to `integer`. [assign-type-mismatch]
WARN  | WaterScene.lua:3459:5 | Cannot assign `number` to `integer`. [assign-type-mismatch]
WARN  | WaterScene.lua:3460:5 | Cannot assign `number` to `integer`. [assign-type-mismatch]
WARN  | WaterScene.lua:3730:5 | Cannot assign `number` to `integer`. [assign-type-mismatch]
WARN  | WaterScene.lua:3778:11 | Cannot assign `number` to `integer`. [assign-type-mismatch]
WARN  | WaterScene.lua:3805:5 | Cannot assign `number` to `integer`. [assign-type-mismatch]
WARN  | WaterScene.lua:3806:5 | Cannot assign `number` to `integer`. [assign-type-mismatch]
WARN  | WaterScene.lua:3807:5 | Cannot assign `number` to `integer`. [assign-type-mismatch]
WARN  | WaterScene.lua:3808:5 | Cannot assign `number` to `integer`. [assign-type-mismatch]
WARN  | WaterScene.lua:3928:11 | Cannot assign `number` to `integer`. [assign-type-mismatch]
WARN  | WaterScene.lua:3980:11 | Cannot assign `number` to `integer`. [assign-type-mismatch]
WARN  | WaterScene.lua:3707:42 | Annotations specify that at least 2 return value(s) are required, found 1 returned here instead. [missing-return-value]
WARN  | WaterScene.lua:3709:46 | Annotations specify that at least 2 return value(s) are required, found 1 returned here instead. [missing-return-value]
WARN  | WaterScene.lua:3712:9 | Annotations specify that at least 2 return value(s) are required, found 1 returned here instead. [missing-return-value]
WARN  | WaterScene.lua:3715:5 | Annotations specify that at least 2 return value(s) are required, found 1 returned here instead. [missing-return-value]
WARN  | AddCommand.lua:22:36 | expected `string` but found `never`. [param-type-mismatch]
WARN  | AddCommand.lua:22:36 | data may be nil [need-check-nil]
WARN  | AddCommand.lua:23:21 | data may be nil [need-check-nil]
WARN  | AddCommand.lua:24:21 | data may be nil [need-check-nil]
WARN  | AddCommand.lua:25:21 | data may be nil [need-check-nil]
WARN  | AddCommand.lua:26:21 | data may be nil [need-check-nil]
WARN  | AddCommand.lua:27:21 | data may be nil [need-check-nil]
WARN  | AddCommand.lua:28:21 | data may be nil [need-check-nil]
WARN  | AddCommand.lua:29:21 | data may be nil [need-check-nil]
WARN  | AddCommand.lua:30:21 | data may be nil [need-check-nil]
WARN  | AddCommand.lua:31:21 | data may be nil [need-check-nil]
WARN  | AddCommand.lua:32:21 | data may be nil [need-check-nil]
WARN  | AddCommand.lua:33:21 | data may be nil [need-check-nil]
WARN  | AddCommand.lua:20:23 | Undefined field `node_data`. [undefined-field]
WARN  | AddCommand.lua:51:25 | Undefined field `node_data`. [undefined-field]
WARN  | AddCommand.lua:41:37 | Undefined field `children`. [undefined-field]
WARN  | AddCommand.lua:45:33 | Undefined field `children`. [undefined-field]
WARN  | BatchCommand.lua:19:31 | Undefined field `commands`. [undefined-field]
WARN  | BatchCommand.lua:26:19 | Undefined field `commands`. [undefined-field]
WARN  | BatchCommand.lua:27:14 | Undefined field `commands`. [undefined-field]
WARN  | DeleteCommand.lua:52:23 | Undefined field `snapshots`. [undefined-field]
WARN  | DeleteCommand.lua:57:32 | Undefined field `snapshots`. [undefined-field]
WARN  | DeleteCommand.lua:71:13 | Undefined field `parent_id`. [undefined-field]
WARN  | DeleteCommand.lua:71:44 | Undefined field `parent_id`. [undefined-field]
WARN  | DeleteCommand.lua:72:41 | Undefined field `parent_id`. [undefined-field]
WARN  | DeleteCommand.lua:74:28 | Undefined field `node_id`. [undefined-field]
WARN  | DeleteCommand.lua:84:19 | Undefined field `snapshots`. [undefined-field]
WARN  | DeleteCommand.lua:85:27 | Undefined field `snapshots`. [undefined-field]
WARN  | DeleteCommand.lua:104:13 | Undefined field `parent_id`. [undefined-field]
WARN  | DeleteCommand.lua:104:44 | Undefined field `parent_id`. [undefined-field]
WARN  | DeleteCommand.lua:105:41 | Undefined field `parent_id`. [undefined-field]
WARN  | DeleteCommand.lua:106:17 | Undefined field `child_index`. [undefined-field]
WARN  | DeleteCommand.lua:107:48 | Undefined field `child_index`. [undefined-field]
WARN  | DeleteCommand.lua:107:66 | Undefined field `node_id`. [undefined-field]
WARN  | DeleteCommand.lua:109:48 | Undefined field `node_id`. [undefined-field]
WARN  | DeleteCommand.lua:73:37 | Undefined field `children`. [undefined-field]
WARN  | DeleteCommand.lua:75:37 | Undefined field `children`. [undefined-field]
WARN  | DeleteCommand.lua:107:33 | Undefined field `children`. [undefined-field]
WARN  | DeleteCommand.lua:109:33 | Undefined field `children`. [undefined-field]
WARN  | ModifyCommand.lua:54:35 | Undefined field `node_id`. [undefined-field]
WARN  | ModifyCommand.lua:56:29 | Undefined field `path`. [undefined-field]
WARN  | ModifyCommand.lua:56:40 | Undefined field `new_value`. [undefined-field]
WARN  | ModifyCommand.lua:61:35 | Undefined field `node_id`. [undefined-field]
WARN  | ModifyCommand.lua:63:29 | Undefined field `path`. [undefined-field]
WARN  | ModifyCommand.lua:63:40 | Undefined field `old_value`. [undefined-field]
WARN  | MoveCommand.lua:28:16 | Unnecessary `if` statement: this condition is always truthy [unnecessary-if]
WARN  | MoveCommand.lua:24:30 | Undefined field `node_ids`. [undefined-field]
WARN  | MoveCommand.lua:27:31 | Undefined field `old_positions`. [undefined-field]
WARN  | MoveCommand.lua:29:40 | Undefined field `dx`. [undefined-field]
WARN  | MoveCommand.lua:30:40 | Undefined field `dy`. [undefined-field]
WARN  | MoveCommand.lua:37:30 | Undefined field `node_ids`. [undefined-field]
WARN  | MoveCommand.lua:38:27 | Undefined field `old_positions`. [undefined-field]
WARN  | MoveCommand.lua:29:31 | Undefined field `x`. [undefined-field]
WARN  | MoveCommand.lua:30:31 | Undefined field `y`. [undefined-field]
WARN  | ResizeCommand.lua:22:35 | Undefined field `node_id`. [undefined-field]
WARN  | ResizeCommand.lua:24:23 | Undefined field `new_rect`. [undefined-field]
WARN  | ResizeCommand.lua:25:23 | Undefined field `new_rect`. [undefined-field]
WARN  | ResizeCommand.lua:26:27 | Undefined field `new_rect`. [undefined-field]
WARN  | ResizeCommand.lua:27:28 | Undefined field `new_rect`. [undefined-field]
WARN  | ResizeCommand.lua:32:35 | Undefined field `node_id`. [undefined-field]
WARN  | ResizeCommand.lua:34:23 | Undefined field `old_rect`. [undefined-field]
WARN  | ResizeCommand.lua:35:23 | Undefined field `old_rect`. [undefined-field]
WARN  | ResizeCommand.lua:36:27 | Undefined field `old_rect`. [undefined-field]
WARN  | ResizeCommand.lua:37:28 | Undefined field `old_rect`. [undefined-field]
WARN  | EditorState.lua:204:8 | Impossible `if` statement: this condition is always falsy [unnecessary-if]
WARN  | EditorState.lua:63:10 | Undefined field `nodes`. [undefined-field]
WARN  | EditorState.lua:72:10 | Undefined field `nodes`. [undefined-field]
WARN  | EditorState.lua:74:32 | Undefined field `nodes`. [undefined-field]
WARN  | EditorState.lua:75:29 | Undefined field `nodes`. [undefined-field]
WARN  | EditorState.lua:89:29 | Undefined field `nodes`. [undefined-field]
WARN  | EditorState.lua:91:27 | Undefined field `nodes`. [undefined-field]
WARN  | EditorState.lua:111:23 | Undefined field `nodes`. [undefined-field]
WARN  | EditorState.lua:127:32 | Undefined field `nodes`. [undefined-field]
WARN  | EditorState.lua:128:29 | Undefined field `nodes`. [undefined-field]
WARN  | EditorState.lua:145:10 | Undefined field `nodes`. [undefined-field]
WARN  | EditorState.lua:152:17 | Undefined field `nodes`. [undefined-field]
WARN  | EditorState.lua:161:23 | Undefined field `nodes`. [undefined-field]
WARN  | EditorState.lua:168:29 | Undefined field `nodes`. [undefined-field]
WARN  | EditorState.lua:182:23 | Undefined field `nodes`. [undefined-field]
WARN  | EditorState.lua:196:27 | Undefined field `nodes`. [undefined-field]
WARN  | EditorState.lua:252:21 | Undefined field `nodes`. [undefined-field]
WARN  | EditorState.lua:76:29 | Undefined field `children`. [undefined-field]
WARN  | EditorState.lua:129:37 | Undefined field `children`. [undefined-field]
WARN  | EditorState.lua:131:37 | Undefined field `children`. [undefined-field]
WARN  | EditorState.lua:170:30 | Undefined field `x`. [undefined-field]
WARN  | EditorState.lua:171:30 | Undefined field `y`. [undefined-field]
WARN  | EditorState.lua:172:27 | Undefined field `parent_id`. [undefined-field]
WARN  | EditorState.lua:199:39 | Undefined field `children`. [undefined-field]
WARN  | SnapSystem.lua:53:8 | Impossible `if` statement: this condition is always falsy [unnecessary-if]
WARN  | SnapSystem.lua:63:8 | Impossible `if` statement: this condition is always falsy [unnecessary-if]
WARN  | SnapSystem.lua:128:20 | expected `NVGContextWrapper` but found `userdata`. [param-type-mismatch]
WARN  | SnapSystem.lua:129:20 | expected `NVGContextWrapper` but found `userdata`. [param-type-mismatch]
WARN  | SnapSystem.lua:132:22 | expected `NVGContextWrapper` but found `userdata`. [param-type-mismatch]
WARN  | SnapSystem.lua:137:23 | expected `NVGContextWrapper` but found `userdata`. [param-type-mismatch]
WARN  | SnapSystem.lua:138:23 | expected `NVGContextWrapper` but found `userdata`. [param-type-mismatch]
WARN  | SnapSystem.lua:143:23 | expected `NVGContextWrapper` but found `userdata`. [param-type-mismatch]
WARN  | SnapSystem.lua:144:23 | expected `NVGContextWrapper` but found `userdata`. [param-type-mismatch]
WARN  | SnapSystem.lua:146:19 | expected `NVGContextWrapper` but found `userdata`. [param-type-mismatch]
WARN  | SnapSystem.lua:34:17 | Cannot assign `number` to `integer`. [assign-type-mismatch]
WARN  | SnapSystem.lua:47:17 | Cannot assign `number` to `integer`. [assign-type-mismatch]
WARN  | main.lua:97:8 | Unnecessary `if` statement: this condition is always truthy [unnecessary-if]
WARN  | main.lua:101:8 | Unnecessary `if` statement: this condition is always truthy [unnecessary-if]
WARN  | main.lua:213:20 | Unnecessary `if` statement: this condition is always truthy [unnecessary-if]
WARN  | main.lua:216:20 | Unnecessary `if` statement: this condition is always truthy [unnecessary-if]
WARN  | main.lua:306:16 | Unnecessary `if` statement: this condition is always truthy [unnecessary-if]
WARN  | main.lua:316:16 | Unnecessary `if` statement: this condition is always truthy [unnecessary-if]
WARN  | main.lua:378:8 | Unnecessary `if` statement: this condition is always truthy [unnecessary-if]
WARN  | main.lua:390:12 | Unnecessary `if` statement: this condition is always truthy [unnecessary-if]
WARN  | main.lua:435:8 | Unnecessary `if` statement: this condition is always truthy [unnecessary-if]
WARN  | main.lua:248:24 | Cannot call expression of type `{ Init = fun(props), editorState_ = table, isPanning_ = false, ... }`. [call-non-callable]
WARN  | main.lua:391:71 | expected `table` but found `never`. [param-type-mismatch]
WARN  | main.lua:26:7 | Cannot assign `nil` to `{ canvas_zoom = 0.8, canvas_offset_x = number, canvas_offset_y = number, ... }`. [assign-type-mismatch]
WARN  | main.lua:29:7 | Cannot assign `nil` to `table`. [assign-type-mismatch]
WARN  | main.lua:32:7 | Cannot assign `nil` to `{ lastSelectionId_ = "__force__" }`. [assign-type-mismatch]
WARN  | main.lua:35:7 | Cannot assign `nil` to `{ lastNodeCount_ = -1 }`. [assign-type-mismatch]
WARN  | LayerPanel.lua:82:24 | Cannot call expression of type `never`. [call-non-callable]
WARN  | LayerPanel.lua:109:21 | Cannot call expression of type `never`. [call-non-callable]
WARN  | LayerPanel.lua:111:21 | Cannot call expression of type `never`. [call-non-callable]
WARN  | LayerPanel.lua:57:20 | expected `(table<unknown,unknown>|unknown[]|{ [unknown]: unknown })` but found `never`. [param-type-mismatch]
WARN  | LayerPanel.lua:59:34 | expected `table` but found `never`. [param-type-mismatch]
WARN  | LayerPanel.lua:57:20 | state may be nil [need-check-nil]
WARN  | LayerPanel.lua:59:34 | state may be nil [need-check-nil]
WARN  | LayerPanel.lua:72:12 | state may be nil [need-check-nil]
WARN  | LayerPanel.lua:73:24 | state may be nil [need-check-nil]
WARN  | LayerPanel.lua:79:18 | state may be nil [need-check-nil]
WARN  | LayerPanel.lua:82:24 | state may be nil [need-check-nil]
WARN  | LayerPanel.lua:83:31 | state may be nil [need-check-nil]
WARN  | LayerPanel.lua:109:21 | state may be nil [need-check-nil]
WARN  | LayerPanel.lua:111:21 | state may be nil [need-check-nil]
WARN  | LayerPanel.lua:50:17 | Undefined field `container_`. [undefined-field]
WARN  | LayerPanel.lua:55:24 | Undefined field `editorState_`. [undefined-field]
WARN  | LayerPanel.lua:69:24 | Undefined field `editorState_`. [undefined-field]
WARN  | LayerPanel.lua:70:10 | Undefined field `contentArea_`. [undefined-field]
WARN  | LayerPanel.lua:78:24 | Undefined field `editorState_`. [undefined-field]
WARN  | LayerPanel.lua:117:10 | Undefined field `contentArea_`. [undefined-field]
WARN  | PropertyPanel.lua:70:21 | state may be nil [need-check-nil]
WARN  | PropertyPanel.lua:70:47 | state may be nil [need-check-nil]
WARN  | PropertyPanel.lua:89:18 | state may be nil [need-check-nil]
WARN  | PropertyPanel.lua:64:17 | Undefined field `container_`. [undefined-field]
WARN  | PropertyPanel.lua:69:24 | Undefined field `editorState_`. [undefined-field]
WARN  | PropertyPanel.lua:80:24 | Undefined field `editorState_`. [undefined-field]
WARN  | PropertyPanel.lua:82:10 | Undefined field `contentArea_`. [undefined-field]
WARN  | PropertyPanel.lua:85:14 | Undefined field `contentArea_`. [undefined-field]
WARN  | PropertyPanel.lua:85:41 | Undefined field `emptyLabel_`. [undefined-field]
WARN  | PropertyPanel.lua:91:14 | Undefined field `contentArea_`. [undefined-field]
WARN  | PropertyPanel.lua:91:41 | Undefined field `emptyLabel_`. [undefined-field]
WARN  | PropertyPanel.lua:182:33 | Undefined field `editorState_`. [undefined-field]
WARN  | PropertyPanel.lua:190:10 | Undefined field `contentArea_`. [undefined-field]
WARN  | PropertyPanel.lua:201:10 | Undefined field `contentArea_`. [undefined-field]
WARN  | PropertyPanel.lua:229:10 | Undefined field `contentArea_`. [undefined-field]
WARN  | PropertyPanel.lua:259:10 | Undefined field `contentArea_`. [undefined-field]
WARN  | PropertyPanel.lua:275:10 | Undefined field `contentArea_`. [undefined-field]
WARN  | PropertyPanel.lua:355:10 | Undefined field `contentArea_`. [undefined-field]
WARN  | PropertyPanel.lua:386:10 | Undefined field `contentArea_`. [undefined-field]
WARN  | PropertyPanel.lua:402:10 | Undefined field `contentArea_`. [undefined-field]
WARN  | PropertyPanel.lua:70:63 | Undefined field `[1]`. [undefined-field]
WARN  | CanvasWidget.lua:140:8 | Impossible `if` statement: this condition is always falsy [unnecessary-if]
WARN  | CanvasWidget.lua:279:20 | Impossible `if` statement: this condition is always falsy [unnecessary-if]
WARN  | CanvasWidget.lua:306:8 | Impossible `if` statement: this condition is always falsy [unnecessary-if]
WARN  | CanvasWidget.lua:315:8 | Impossible `if` statement: this condition is always falsy [unnecessary-if]
WARN  | CanvasWidget.lua:323:12 | Unnecessary `if` statement: this condition is always truthy [unnecessary-if]
WARN  | CanvasWidget.lua:350:8 | Impossible `if` statement: this condition is always falsy [unnecessary-if]
WARN  | CanvasWidget.lua:361:16 | Impossible `if` statement: this condition is always falsy [unnecessary-if]
WARN  | CanvasWidget.lua:408:8 | Impossible `if` statement: this condition is always falsy [unnecessary-if]
WARN  | CanvasWidget.lua:428:12 | Impossible `if` statement: this condition is always falsy [unnecessary-if]
WARN  | CanvasWidget.lua:432:16 | Impossible `if` statement: this condition is always falsy [unnecessary-if]
WARN  | CanvasWidget.lua:449:20 | Impossible `if` statement: this condition is always falsy [unnecessary-if]
WARN  | CanvasWidget.lua:468:12 | Impossible `if` statement: this condition is always falsy [unnecessary-if]
WARN  | CanvasWidget.lua:472:16 | Impossible `if` statement: this condition is always falsy [unnecessary-if]
WARN  | CanvasWidget.lua:493:12 | Impossible `if` statement: this condition is always falsy [unnecessary-if]
WARN  | CanvasWidget.lua:165:23 | expected `integer` but found `number`. [param-type-mismatch]
WARN  | CanvasWidget.lua:483:51 | expected `string` but found `nil`. [param-type-mismatch]
WARN  | CanvasWidget.lua:362:30 | orig may be nil [need-check-nil]
WARN  | CanvasWidget.lua:363:30 | orig may be nil [need-check-nil]
WARN  | CanvasWidget.lua:364:30 | orig may be nil [need-check-nil]
WARN  | CanvasWidget.lua:365:30 | orig may be nil [need-check-nil]
WARN  | CanvasWidget.lua:369:28 | orig may be nil [need-check-nil]
WARN  | CanvasWidget.lua:370:28 | orig may be nil [need-check-nil]
WARN  | CanvasWidget.lua:372:28 | orig may be nil [need-check-nil]
WARN  | CanvasWidget.lua:377:28 | orig may be nil [need-check-nil]
WARN  | CanvasWidget.lua:378:28 | orig may be nil [need-check-nil]
WARN  | CanvasWidget.lua:380:28 | orig may be nil [need-check-nil]
WARN  | CanvasWidget.lua:387:32 | orig may be nil [need-check-nil]
WARN  | CanvasWidget.lua:387:41 | orig may be nil [need-check-nil]
WARN  | CanvasWidget.lua:393:32 | orig may be nil [need-check-nil]
WARN  | CanvasWidget.lua:393:41 | orig may be nil [need-check-nil]
WARN  | CanvasWidget.lua:79:20 | Undefined field `GetAbsoluteLayout`. [undefined-field]
WARN  | CanvasWidget.lua:86:20 | Undefined field `GetAbsoluteLayout`. [undefined-field]
WARN  | CanvasWidget.lua:188:20 | Undefined field `GetAbsoluteLayout`. [undefined-field]
WARN  | CanvasWidget.lua:303:20 | Undefined field `GetAbsoluteLayout`. [undefined-field]
WARN  | CanvasWidget.lua:418:20 | Undefined field `GetAbsoluteLayout`. [undefined-field]
WARN  | CanvasWidget.lua:512:20 | Undefined field `GetAbsoluteLayout`. [undefined-field]
WARN  | CanvasWidget.lua:252:36 | Undefined field `locked`. [undefined-field]
WARN  | CanvasWidget.lua:202:9 | Cannot assign `number` to `integer`. [assign-type-mismatch]
WARN  | CanvasWidget.lua:203:9 | Cannot assign `number` to `integer`. [assign-type-mismatch]
WARN  | CanvasWidget.lua:231:21 | Cannot assign `number` to `integer`. [assign-type-mismatch]
WARN  | CanvasWidget.lua:232:21 | Cannot assign `number` to `integer`. [assign-type-mismatch]
WARN  | CanvasWidget.lua:274:13 | Cannot assign `number` to `integer`. [assign-type-mismatch]
WARN  | CanvasWidget.lua:275:13 | Cannot assign `number` to `integer`. [assign-type-mismatch]
WARN  | CanvasWidget.lua:369:21 | Cannot assign `number` to `never`. [assign-type-mismatch]
WARN  | CanvasWidget.lua:370:21 | Cannot assign `number` to `never`. [assign-type-mismatch]
WARN  | CanvasWidget.lua:372:21 | Cannot assign `number` to `never`. [assign-type-mismatch]
WARN  | CanvasWidget.lua:377:21 | Cannot assign `number` to `never`. [assign-type-mismatch]
WARN  | CanvasWidget.lua:378:21 | Cannot assign `number` to `never`. [assign-type-mismatch]
WARN  | CanvasWidget.lua:380:21 | Cannot assign `number` to `never`. [assign-type-mismatch]
WARN  | CanvasWidget.lua:387:25 | Cannot assign `number` to `never`. [assign-type-mismatch]
WARN  | CanvasWidget.lua:389:21 | Cannot assign `integer` to `never`. [assign-type-mismatch]
WARN  | CanvasWidget.lua:393:25 | Cannot assign `number` to `never`. [assign-type-mismatch]
WARN  | CanvasWidget.lua:395:21 | Cannot assign `integer` to `never`. [assign-type-mismatch]
WARN  | CanvasWidget.lua:441:29 | Cannot assign `number` to `integer`. [assign-type-mismatch]
WARN  | CanvasWidget.lua:442:29 | Cannot assign `number` to `integer`. [assign-type-mismatch]
WARN  | CanvasWidget.lua:517:5 | Cannot assign `number` to `integer`. [assign-type-mismatch]
WARN  | CanvasWidget.lua:518:5 | Cannot assign `number` to `integer`. [assign-type-mismatch]
WARN  | GridRenderer.lua:24:18 | expected `NVGContextWrapper` but found `userdata`. [param-type-mismatch]
WARN  | GridRenderer.lua:29:19 | expected `NVGContextWrapper` but found `userdata`. [param-type-mismatch]
WARN  | GridRenderer.lua:30:19 | expected `NVGContextWrapper` but found `userdata`. [param-type-mismatch]
WARN  | GridRenderer.lua:35:19 | expected `NVGContextWrapper` but found `userdata`. [param-type-mismatch]
WARN  | GridRenderer.lua:36:19 | expected `NVGContextWrapper` but found `userdata`. [param-type-mismatch]
WARN  | GridRenderer.lua:40:20 | expected `NVGContextWrapper` but found `userdata`. [param-type-mismatch]
WARN  | GridRenderer.lua:41:20 | expected `NVGContextWrapper` but found `userdata`. [param-type-mismatch]
WARN  | GridRenderer.lua:42:15 | expected `NVGContextWrapper` but found `userdata`. [param-type-mismatch]
WARN  | GridRenderer.lua:51:22 | expected `NVGContextWrapper` but found `userdata`. [param-type-mismatch]
WARN  | GridRenderer.lua:54:23 | expected `NVGContextWrapper` but found `userdata`. [param-type-mismatch]
WARN  | GridRenderer.lua:55:23 | expected `NVGContextWrapper` but found `userdata`. [param-type-mismatch]
WARN  | GridRenderer.lua:60:23 | expected `NVGContextWrapper` but found `userdata`. [param-type-mismatch]
WARN  | GridRenderer.lua:61:23 | expected `NVGContextWrapper` but found `userdata`. [param-type-mismatch]
WARN  | GridRenderer.lua:65:24 | expected `NVGContextWrapper` but found `userdata`. [param-type-mismatch]
WARN  | GridRenderer.lua:66:24 | expected `NVGContextWrapper` but found `userdata`. [param-type-mismatch]
WARN  | GridRenderer.lua:67:19 | expected `NVGContextWrapper` but found `userdata`. [param-type-mismatch]
WARN  | NodeRenderer.lua:319:8 | Unnecessary `if` statement: this condition is always truthy [unnecessary-if]
WARN  | NodeRenderer.lua:17:35 | expected `NVGContextWrapper` but found `userdata`. [param-type-mismatch]
WARN  | NodeRenderer.lua:135:57 | expected `integer` but found `number`. [param-type-mismatch]
WARN  | NodeRenderer.lua:211:27 | expected `integer` but found `number`. [param-type-mismatch]
WARN  | NodeRenderer.lua:251:27 | expected `integer` but found `number`. [param-type-mismatch]
WARN  | NodeRenderer.lua:265:27 | expected `integer` but found `number`. [param-type-mismatch]
WARN  | NodeRenderer.lua:202:13 | Cannot assign `number` to `integer`. [assign-type-mismatch]
WARN  | NodeRenderer.lua:205:13 | Cannot assign `number` to `integer`. [assign-type-mismatch]
WARN  | NodeRenderer.lua:208:13 | Cannot assign `number` to `integer`. [assign-type-mismatch]
WARN  | NodeRenderer.lua:241:13 | Cannot assign `number` to `integer`. [assign-type-mismatch]
WARN  | NodeRenderer.lua:245:13 | Cannot assign `number` to `integer`. [assign-type-mismatch]
WARN  | SelectionOverlay.lua:18:18 | expected `NVGContextWrapper` but found `userdata`. [param-type-mismatch]
WARN  | SelectionOverlay.lua:19:13 | expected `NVGContextWrapper` but found `userdata`. [param-type-mismatch]
WARN  | SelectionOverlay.lua:20:20 | expected `NVGContextWrapper` but found `userdata`. [param-type-mismatch]
WARN  | SelectionOverlay.lua:21:20 | expected `NVGContextWrapper` but found `userdata`. [param-type-mismatch]
WARN  | SelectionOverlay.lua:22:15 | expected `NVGContextWrapper` but found `userdata`. [param-type-mismatch]
WARN  | SelectionOverlay.lua:25:18 | expected `NVGContextWrapper` but found `userdata`. [param-type-mismatch]
WARN  | SelectionOverlay.lua:26:13 | expected `NVGContextWrapper` but found `userdata`. [param-type-mismatch]
WARN  | SelectionOverlay.lua:27:18 | expected `NVGContextWrapper` but found `userdata`. [param-type-mismatch]
WARN  | SelectionOverlay.lua:28:13 | expected `NVGContextWrapper` but found `userdata`. [param-type-mismatch]
WARN  | SelectionOverlay.lua:42:22 | expected `NVGContextWrapper` but found `userdata`. [param-type-mismatch]
WARN  | SelectionOverlay.lua:43:17 | expected `NVGContextWrapper` but found `userdata`. [param-type-mismatch]
WARN  | SelectionOverlay.lua:44:22 | expected `NVGContextWrapper` but found `userdata`. [param-type-mismatch]
WARN  | SelectionOverlay.lua:45:17 | expected `NVGContextWrapper` but found `userdata`. [param-type-mismatch]
WARN  | SelectionOverlay.lua:46:24 | expected `NVGContextWrapper` but found `userdata`. [param-type-mismatch]
WARN  | SelectionOverlay.lua:47:24 | expected `NVGContextWrapper` but found `userdata`. [param-type-mismatch]
WARN  | SelectionOverlay.lua:48:19 | expected `NVGContextWrapper` but found `userdata`. [param-type-mismatch]
WARN  | SelectionOverlay.lua:102:18 | expected `NVGContextWrapper` but found `userdata`. [param-type-mismatch]
WARN  | SelectionOverlay.lua:103:13 | expected `NVGContextWrapper` but found `userdata`. [param-type-mismatch]
WARN  | SelectionOverlay.lua:104:18 | expected `NVGContextWrapper` but found `userdata`. [param-type-mismatch]
WARN  | SelectionOverlay.lua:105:13 | expected `NVGContextWrapper` but found `userdata`. [param-type-mismatch]
WARN  | SelectionOverlay.lua:108:20 | expected `NVGContextWrapper` but found `userdata`. [param-type-mismatch]
WARN  | SelectionOverlay.lua:109:20 | expected `NVGContextWrapper` but found `userdata`. [param-type-mismatch]
WARN  | SelectionOverlay.lua:110:15 | expected `NVGContextWrapper` but found `userdata`. [param-type-mismatch]
WARN  | SaveLoad.lua:112:8 | Unnecessary `if` statement: this condition is always truthy [unnecessary-if]
WARN  | SaveLoad.lua:140:33 | expected `string` but found `(unknown|string)`. [param-type-mismatch]
WARN  | SaveLoad.lua:132:54 | Undefined field `ReadText`. [undefined-field]
WARN  | SaveLoad.lua:61:13 | Cannot assign `number` to `integer`. [assign-type-mismatch]
HINT  | EditorBridge.lua:295:30 | dt is never used, if this is intentional, prefix it with an underscore: _dt [unused]
HINT  | EditorBridge.lua:187:13 | node is never used, if this is intentional, prefix it with an underscore: _node [unused]
HINT  | main.lua:345:29 | eventType is never used, if this is intentional, prefix it with an underscore: _eventType [unused]
HINT  | main.lua:380:24 | eventType is never used, if this is intentional, prefix it with an underscore: _eventType [unused]
HINT  | main.lua:345:40 | eventData is never used, if this is intentional, prefix it with an underscore: _eventData [unused]
HINT  | main.lua:210:23 | eventType is never used, if this is intentional, prefix it with an underscore: _eventType [unused]
HINT  | main.lua:20:7 | AffixSystem is never used, if this is intentional, prefix it with an underscore: _AffixSystem [unused]
HINT  | main.lua:177:18 | boss is never used, if this is intentional, prefix it with an underscore: _boss [unused]
HINT  | main.lua:18:7 | CatchAnimSystem is never used, if this is intentional, prefix it with an underscore: _CatchAnimSystem [unused]
HINT  | main.lua:22:7 | CodexSystem is never used, if this is intentional, prefix it with an underscore: _CodexSystem [unused]
HINT  | SaveManager.lua:11:21 | Implicit self is never used, if this is intentional, please use '.' instead of ':' to define the method [unused]
HINT  | SaveManager.lua:29:21 | Implicit self is never used, if this is intentional, please use '.' instead of ':' to define the method [unused]
HINT  | AffixSystem.lua:43:42 | qualityId is never used, if this is intentional, prefix it with an underscore: _qualityId [unused]
HINT  | AffixSystem.lua:43:34 | fishId is never used, if this is intentional, prefix it with an underscore: _fishId [unused]
HINT  | AquariumSystem.lua:184:24 | Implicit self is never used, if this is intentional, please use '.' instead of ':' to define the method [unused]
HINT  | AquariumSystem.lua:167:24 | Implicit self is never used, if this is intentional, please use '.' instead of ':' to define the method [unused]
HINT  | AquariumSystem.lua:137:24 | Implicit self is never used, if this is intentional, please use '.' instead of ':' to define the method [unused]
HINT  | AquariumSystem.lua:49:24 | Implicit self is never used, if this is intentional, please use '.' instead of ':' to define the method [unused]
HINT  | BossSystem.lua:633:43 | w is never used, if this is intentional, prefix it with an underscore: _w [unused]
HINT  | BossSystem.lua:103:7 | lastSwipeId_ is never used, if this is intentional, prefix it with an underscore: _lastSwipeId_ [unused]
HINT  | BossSystem.lua:633:37 | x is never used, if this is intentional, prefix it with an underscore: _x [unused]
HINT  | BossSystem.lua:633:46 | h is never used, if this is intentional, prefix it with an underscore: _h [unused]
HINT  | BossSystem.lua:633:40 | y is never used, if this is intentional, prefix it with an underscore: _y [unused]
HINT  | BreedingSystem.lua:294:24 | Implicit self is never used, if this is intentional, please use '.' instead of ':' to define the method [unused]
HINT  | BreedingSystem.lua:279:24 | Implicit self is never used, if this is intentional, please use '.' instead of ':' to define the method [unused]
HINT  | BreedingSystem.lua:27:24 | Implicit self is never used, if this is intentional, please use '.' instead of ':' to define the method [unused]
HINT  | BreedingSystem.lua:193:24 | Implicit self is never used, if this is intentional, please use '.' instead of ':' to define the method [unused]
HINT  | BreedingSystem.lua:285:24 | Implicit self is never used, if this is intentional, please use '.' instead of ':' to define the method [unused]
HINT  | BreedingSystem.lua:256:24 | Implicit self is never used, if this is intentional, please use '.' instead of ':' to define the method [unused]
HINT  | BreedingSystem.lua:111:24 | Implicit self is never used, if this is intentional, please use '.' instead of ':' to define the method [unused]
HINT  | BreedingSystem.lua:273:24 | Implicit self is never used, if this is intentional, please use '.' instead of ':' to define the method [unused]
HINT  | CatchAnimSystem.lua:305:15 | progress is never used, if this is intentional, prefix it with an underscore: _progress [unused]
HINT  | CrewSystem.lua:63:20 | Implicit self is never used, if this is intentional, please use '.' instead of ':' to define the method [unused]
HINT  | CrewSystem.lua:35:20 | Implicit self is never used, if this is intentional, please use '.' instead of ':' to define the method [unused]
HINT  | CrewSystem.lua:53:20 | Implicit self is never used, if this is intentional, please use '.' instead of ':' to define the method [unused]
HINT  | CrewSystem.lua:11:20 | Implicit self is never used, if this is intentional, please use '.' instead of ':' to define the method [unused]
HINT  | CrewSystem.lua:77:20 | Implicit self is never used, if this is intentional, please use '.' instead of ':' to define the method [unused]
HINT  | DropSystem.lua:115:11 | bossVariant is never used, if this is intentional, prefix it with an underscore: _bossVariant [unused]
HINT  | FishSwarmSystem.lua:316:11 | cfg is never used, if this is intentional, prefix it with an underscore: _cfg [unused]
HINT  | FishSwarmSystem.lua:243:9 | i is never used, if this is intentional, prefix it with an underscore: _i [unused]
HINT  | IndustrySystem.lua:254:24 | Implicit self is never used, if this is intentional, please use '.' instead of ':' to define the method [unused]
HINT  | IndustrySystem.lua:378:24 | Implicit self is never used, if this is intentional, please use '.' instead of ':' to define the method [unused]
HINT  | IndustrySystem.lua:438:24 | Implicit self is never used, if this is intentional, please use '.' instead of ':' to define the method [unused]
HINT  | IndustrySystem.lua:442:24 | Implicit self is never used, if this is intentional, please use '.' instead of ':' to define the method [unused]
HINT  | IndustrySystem.lua:446:24 | Implicit self is never used, if this is intentional, please use '.' instead of ':' to define the method [unused]
HINT  | IndustrySystem.lua:454:24 | Implicit self is never used, if this is intentional, please use '.' instead of ':' to define the method [unused]
HINT  | IndustrySystem.lua:208:24 | Implicit self is never used, if this is intentional, please use '.' instead of ':' to define the method [unused]
HINT  | IndustrySystem.lua:426:24 | Implicit self is never used, if this is intentional, please use '.' instead of ':' to define the method [unused]
HINT  | IndustrySystem.lua:185:24 | Implicit self is never used, if this is intentional, please use '.' instead of ':' to define the method [unused]
HINT  | IndustrySystem.lua:430:24 | Implicit self is never used, if this is intentional, please use '.' instead of ':' to define the method [unused]
HINT  | IndustrySystem.lua:458:24 | Implicit self is never used, if this is intentional, please use '.' instead of ':' to define the method [unused]
HINT  | IndustrySystem.lua:110:24 | Implicit self is never used, if this is intentional, please use '.' instead of ':' to define the method [unused]
HINT  | IndustrySystem.lua:450:24 | Implicit self is never used, if this is intentional, please use '.' instead of ':' to define the method [unused]
HINT  | IndustrySystem.lua:133:24 | Implicit self is never used, if this is intentional, please use '.' instead of ':' to define the method [unused]
HINT  | IndustrySystem.lua:195:24 | Implicit self is never used, if this is intentional, please use '.' instead of ':' to define the method [unused]
HINT  | IndustrySystem.lua:422:24 | Implicit self is never used, if this is intentional, please use '.' instead of ':' to define the method [unused]
HINT  | IndustrySystem.lua:434:24 | Implicit self is never used, if this is intentional, please use '.' instead of ':' to define the method [unused]
HINT  | IndustrySystem.lua:462:24 | Implicit self is never used, if this is intentional, please use '.' instead of ':' to define the method [unused]
HINT  | IndustrySystem.lua:466:24 | Implicit self is never used, if this is intentional, please use '.' instead of ':' to define the method [unused]
HINT  | IndustrySystem.lua:363:24 | Implicit self is never used, if this is intentional, please use '.' instead of ':' to define the method [unused]
HINT  | IndustrySystem.lua:418:24 | Implicit self is never used, if this is intentional, please use '.' instead of ':' to define the method [unused]
HINT  | RareFishSystem.lua:11:7 | GameState is never used, if this is intentional, prefix it with an underscore: _GameState [unused]
HINT  | RareFishSystem.lua:10:7 | GameConfig is never used, if this is intentional, prefix it with an underscore: _GameConfig [unused]
HINT  | SwipeSystem.lua:229:43 | h is never used, if this is intentional, prefix it with an underscore: _h [unused]
HINT  | SwipeSystem.lua:229:34 | x is never used, if this is intentional, prefix it with an underscore: _x [unused]
HINT  | SwipeSystem.lua:229:37 | y is never used, if this is intentional, prefix it with an underscore: _y [unused]
HINT  | SwipeSystem.lua:229:40 | w is never used, if this is intentional, prefix it with an underscore: _w [unused]
HINT  | AquariumScene.lua:1100:48 | h is never used, if this is intentional, prefix it with an underscore: _h [unused]
HINT  | AquariumScene.lua:48:29 | nvg is never used, if this is intentional, prefix it with an underscore: _nvg [unused]
HINT  | AquariumScreen.lua:366:32 | dt is never used, if this is intentional, prefix it with an underscore: _dt [unused]
HINT  | BreedingScene.lua:799:15 | pQCfg is never used, if this is intentional, prefix it with an underscore: _pQCfg [unused]
HINT  | BreedingScene.lua:1290:48 | h is never used, if this is intentional, prefix it with an underscore: _h [unused]
HINT  | BreedingScene.lua:110:11 | wheel is never used, if this is intentional, prefix it with an underscore: _wheel [unused]
HINT  | BreedingScreen.lua:313:32 | dt is never used, if this is intentional, prefix it with an underscore: _dt [unused]
HINT  | CodexScene.lua:10:7 | FormatUtils is never used, if this is intentional, prefix it with an underscore: _FormatUtils [unused]
HINT  | CodexScene.lua:181:45 | h is never used, if this is intentional, prefix it with an underscore: _h [unused]
HINT  | CodexScene.lua:6:7 | GameState is never used, if this is intentional, prefix it with an underscore: _GameState [unused]
HINT  | CodexScene.lua:11:7 | UICore is never used, if this is intentional, prefix it with an underscore: _UICore [unused]
HINT  | FishingScreen.lua:8:7 | FormatUtils is never used, if this is intentional, prefix it with an underscore: _FormatUtils [unused]
HINT  | IconManager.lua:21:7 | registry_ is never used, if this is intentional, prefix it with an underscore: _registry_ [unused]
HINT  | IndustryScene.lua:1323:69 | fgColor is never used, if this is intentional, prefix it with an underscore: _fgColor [unused]
HINT  | IndustryScene.lua:51:7 | PROGRESS_FRAME_COUNT is never used, if this is intentional, prefix it with an underscore: _PROGRESS_FRAME_COUNT [unused]
HINT  | IndustryScene.lua:1645:16 | drawNineSlice is never used, if this is intentional, prefix it with an underscore: _drawNineSlice [unused]
HINT  | IndustryScene.lua:138:7 | CAT_SIZE_RATIO is never used, if this is intentional, prefix it with an underscore: _CAT_SIZE_RATIO [unused]
HINT  | IndustryScene.lua:2464:11 | contentW is never used, if this is intentional, prefix it with an underscore: _contentW [unused]
HINT  | IndustryScene.lua:412:23 | seatDY is never used, if this is intentional, prefix it with an underscore: _seatDY [unused]
HINT  | IndustryScreen.lua:281:32 | dt is never used, if this is intentional, prefix it with an underscore: _dt [unused]
HINT  | ResearchScene.lua:161:48 | h is never used, if this is intentional, prefix it with an underscore: _h [unused]
HINT  | ResearchScene.lua:10:7 | UICore is never used, if this is intentional, prefix it with an underscore: _UICore [unused]
HINT  | UIManager.lua:36:19 | Implicit self is never used, if this is intentional, please use '.' instead of ':' to define the method [unused]
HINT  | UIManager.lua:71:19 | Implicit self is never used, if this is intentional, please use '.' instead of ':' to define the method [unused]
HINT  | WaterScene.lua:2958:47 | y is never used, if this is intentional, prefix it with an underscore: _y [unused]
HINT  | WaterScene.lua:3242:45 | h is never used, if this is intentional, prefix it with an underscore: _h [unused]
HINT  | WaterScene.lua:1422:46 | w is never used, if this is intentional, prefix it with an underscore: _w [unused]
HINT  | WaterScene.lua:3522:48 | h is never used, if this is intentional, prefix it with an underscore: _h [unused]
HINT  | WaterScene.lua:2173:15 | hired is never used, if this is intentional, prefix it with an underscore: _hired [unused]
HINT  | WaterScene.lua:1973:44 | y is never used, if this is intentional, prefix it with an underscore: _y [unused]
HINT  | WaterScene.lua:1524:49 | w is never used, if this is intentional, prefix it with an underscore: _w [unused]
HINT  | WaterScene.lua:3219:50 | h is never used, if this is intentional, prefix it with an underscore: _h [unused]
HINT  | WaterScene.lua:1836:47 | y is never used, if this is intentional, prefix it with an underscore: _y [unused]
HINT  | WaterScene.lua:1991:15 | drawX is never used, if this is intentional, prefix it with an underscore: _drawX [unused]
HINT  | WaterScene.lua:3522:42 | y is never used, if this is intentional, prefix it with an underscore: _y [unused]
HINT  | WaterScene.lua:3242:39 | y is never used, if this is intentional, prefix it with an underscore: _y [unused]
HINT  | WaterScene.lua:1362:48 | y is never used, if this is intentional, prefix it with an underscore: _y [unused]
HINT  | WaterScene.lua:3219:44 | y is never used, if this is intentional, prefix it with an underscore: _y [unused]
HINT  | WaterScene.lua:2156:50 | h is never used, if this is intentional, prefix it with an underscore: _h [unused]
HINT  | WaterScene.lua:3969:52 | h is never used, if this is intentional, prefix it with an underscore: _h [unused]
HINT  | WaterScene.lua:1973:41 | x is never used, if this is intentional, prefix it with an underscore: _x [unused]
HINT  | WaterScene.lua:1836:50 | w is never used, if this is intentional, prefix it with an underscore: _w [unused]
HINT  | WaterScene.lua:1705:50 | h is never used, if this is intentional, prefix it with an underscore: _h [unused]
HINT  | WaterScene.lua:3314:35 | dt is never used, if this is intentional, prefix it with an underscore: _dt [unused]
HINT  | WaterScene.lua:1705:41 | x is never used, if this is intentional, prefix it with an underscore: _x [unused]
HINT  | WaterScene.lua:1836:44 | x is never used, if this is intentional, prefix it with an underscore: _x [unused]
HINT  | WaterScene.lua:3433:38 | dt is never used, if this is intentional, prefix it with an underscore: _dt [unused]
HINT  | WaterScene.lua:3522:39 | x is never used, if this is intentional, prefix it with an underscore: _x [unused]
HINT  | WaterScene.lua:2074:53 | h is never used, if this is intentional, prefix it with an underscore: _h [unused]
HINT  | WaterScene.lua:1705:44 | y is never used, if this is intentional, prefix it with an underscore: _y [unused]
HINT  | WaterScene.lua:3242:36 | x is never used, if this is intentional, prefix it with an underscore: _x [unused]
HINT  | WaterScene.lua:1836:53 | h is never used, if this is intentional, prefix it with an underscore: _h [unused]
HINT  | WaterScene.lua:2958:44 | x is never used, if this is intentional, prefix it with an underscore: _x [unused]
HINT  | WaterScene.lua:1422:43 | y is never used, if this is intentional, prefix it with an underscore: _y [unused]
HINT  | WaterScene.lua:1616:36 | dt is never used, if this is intentional, prefix it with an underscore: _dt [unused]
HINT  | WaterScene.lua:1992:15 | drawY is never used, if this is intentional, prefix it with an underscore: _drawY [unused]
HINT  | WaterScene.lua:2309:54 | h is never used, if this is intentional, prefix it with an underscore: _h [unused]
HINT  | WaterScene.lua:1422:40 | x is never used, if this is intentional, prefix it with an underscore: _x [unused]
HINT  | WaterScene.lua:2958:50 | w is never used, if this is intentional, prefix it with an underscore: _w [unused]
HINT  | WaterScene.lua:76:7 | upgradePopupScroll_ is never used, if this is intentional, prefix it with an underscore: _upgradePopupScroll_ [unused]
HINT  | WaterScene.lua:3296:15 | sw is never used, if this is intentional, prefix it with an underscore: _sw [unused]
HINT  | WaterScene.lua:3917:54 | h is never used, if this is intentional, prefix it with an underscore: _h [unused]
HINT  | WaterScene.lua:2336:11 | gap is never used, if this is intentional, prefix it with an underscore: _gap [unused]
HINT  | WaterScene.lua:1973:47 | w is never used, if this is intentional, prefix it with an underscore: _w [unused]
HINT  | WaterScene.lua:1524:43 | x is never used, if this is intentional, prefix it with an underscore: _x [unused]
HINT  | WaterScene.lua:2099:16 | drawNinePatch is never used, if this is intentional, prefix it with an underscore: _drawNinePatch [unused]
HINT  | WaterScene.lua:3722:46 | w is never used, if this is intentional, prefix it with an underscore: _w [unused]
HINT  | WaterScene.lua:1524:52 | h is never used, if this is intentional, prefix it with an underscore: _h [unused]
HINT  | WaterScene.lua:1362:45 | x is never used, if this is intentional, prefix it with an underscore: _x [unused]
HINT  | WaterScene.lua:2958:53 | h is never used, if this is intentional, prefix it with an underscore: _h [unused]
HINT  | WaterScene.lua:2156:47 | w is never used, if this is intentional, prefix it with an underscore: _w [unused]
HINT  | WaterScene.lua:2537:11 | curInfo is never used, if this is intentional, prefix it with an underscore: _curInfo [unused]
HINT  | WaterScene.lua:2074:50 | w is never used, if this is intentional, prefix it with an underscore: _w [unused]
HINT  | WaterScene.lua:1973:50 | h is never used, if this is intentional, prefix it with an underscore: _h [unused]
HINT  | WaterScene.lua:1524:46 | y is never used, if this is intentional, prefix it with an underscore: _y [unused]
HINT  | WaterScene.lua:3522:45 | w is never used, if this is intentional, prefix it with an underscore: _w [unused]
HINT  | WaterScene.lua:3219:41 | x is never used, if this is intentional, prefix it with an underscore: _x [unused]
HINT  | WaterScene.lua:3242:42 | w is never used, if this is intentional, prefix it with an underscore: _w [unused]
HINT  | WaterScene.lua:3219:47 | w is never used, if this is intentional, prefix it with an underscore: _w [unused]
HINT  | WaterScene.lua:1705:47 | w is never used, if this is intentional, prefix it with an underscore: _w [unused]
HINT  | WaterScene.lua:2450:16 | drawProgressBar is never used, if this is intentional, prefix it with an underscore: _drawProgressBar [unused]
HINT  | WaterScene.lua:1422:49 | h is never used, if this is intentional, prefix it with an underscore: _h [unused]
HINT  | SnapSystem.lua:126:11 | CoordTransform is never used, if this is intentional, prefix it with an underscore: _CoordTransform [unused]
HINT  | main.lua:95:34 | eventData is never used, if this is intentional, prefix it with an underscore: _eventData [unused]
HINT  | main.lua:95:23 | eventType is never used, if this is intentional, prefix it with an underscore: _eventType [unused]
HINT  | main.lua:9:7 | Defaults is never used, if this is intentional, prefix it with an underscore: _Defaults [unused]
HINT  | main.lua:298:24 | eventType is never used, if this is intentional, prefix it with an underscore: _eventType [unused]
HINT  | LayerPanel.lua:84:11 | indent is never used, if this is intentional, prefix it with an underscore: _indent [unused]
HINT  | PropertyPanel.lua:381:29 | self2 is never used, if this is intentional, prefix it with an underscore: _self2 [unused]
HINT  | PropertyPanel.lua:350:41 | opt is never used, if this is intentional, prefix it with an underscore: _opt [unused]
HINT  | PropertyPanel.lua:253:29 | self2 is never used, if this is intentional, prefix it with an underscore: _self2 [unused]
HINT  | PropertyPanel.lua:224:29 | self2 is never used, if this is intentional, prefix it with an underscore: _self2 [unused]
HINT  | PropertyPanel.lua:350:29 | self2 is never used, if this is intentional, prefix it with an underscore: _self2 [unused]
HINT  | PropertyPanel.lua:381:41 | opt is never used, if this is intentional, prefix it with an underscore: _opt [unused]
HINT  | PropertyPanel.lua:418:40 | self2 is never used, if this is intentional, prefix it with an underscore: _self2 [unused]
HINT  | PropertyPanel.lua:287:37 | self2 is never used, if this is intentional, prefix it with an underscore: _self2 [unused]
HINT  | Toolbar.lua:7:7 | SaveLoad is never used, if this is intentional, prefix it with an underscore: _SaveLoad [unused]
HINT  | CanvasWidget.lua:510:31 | dx is never used, if this is intentional, prefix it with an underscore: _dx [unused]
HINT  | NodeRenderer.lua:222:17 | b is never used, if this is intentional, prefix it with an underscore: _b [unused]
HINT  | NodeRenderer.lua:222:11 | r is never used, if this is intentional, prefix it with an underscore: _r [unused]
HINT  | NodeRenderer.lua:222:14 | g is never used, if this is intentional, prefix it with an underscore: _g [unused]
